date,subject,recipient
2026-09-18 18:52,Checking in — MUNDSPRO,walkinghawk@comcast.net
2026-09-18 18:52,Checking in — MUNDSPRO,15tamarack@gmail.com
2026-09-18 18:52,Checking in — MUNDSPRO,stevenkthomas@aol.com
2026-09-18 18:53,Checking in — MUNDSPRO,accounting@sevenhillsglobal.com
2026-09-18 18:53,Checking in — MUNDSPRO,segal.alyssa126@gmail.com
2026-09-18 18:53,Checking in — MUNDSPRO,cggmlg@aol.com
2026-09-18 18:53,Checking in — MUNDSPRO,micheldavignon@hotmail.com
2026-09-18 18:53,Checking in — MUNDSPRO,louiseanish2365@gmail.com
2026-09-18 18:53,Checking in — MUNDSPRO,ranish@comcast.net
2026-09-18 18:53,Checking in — MUNDSPRO,Jbk7174@yahoo.com
2026-09-18 18:53,Checking in — MUNDSPRO,andres_trujillo@dafpbci.org
2026-09-18 18:53,Checking in — MUNDSPRO,corp97jet@hotmail.com
2026-09-18 18:53,Checking in — MUNDSPRO,dave@wesetthestandards.com
2026-09-18 18:53,Checking in — MUNDSPRO,lisamjay@gmail.com
2026-09-18 18:53,Checking in — MUNDSPRO,m.esteves1953@gmail.com
2026-09-18 18:53,Checking in — MUNDSPRO,jgdances@optonline.net
2026-09-18 18:53,Checking in — MUNDSPRO,cs3850@aol.com
2026-09-18 18:53,Checking in — MUNDSPRO,Natepaul@bellsouth.net
2026-09-18 18:53,Checking in — MUNDSPRO,Colleen.Winton@redcross.org
2026-09-18 18:54,Checking in — MUNDSPRO,lisagray127@gmail.com
2026-09-18 18:54,Checking in — MUNDSPRO,lindamirik@gmail.com
2026-09-18 19:03,Remodeling support for your clients — MundsPro,cassettmanagement@gmail.com
2026-09-18 19:03,Remodeling support for your clients — MundsPro,davidgreene@kw.com
2026-09-18 19:03,Remodeling support for your clients — MundsPro,chris@oxygenmgmt.com
2026-09-18 19:03,Remodeling support for your clients — MundsPro,hlchura@gmail.com
2026-09-18 19:03,Remodeling support for your clients — MundsPro,jennifer@primerealestatefl.com
2026-09-18 19:03,Remodeling support for your clients — MundsPro,george@libertyequitiesusa.com
2026-09-18 19:03,Remodeling support for your clients — MundsPro,brokermsmith@aol.com
2026-09-18 19:03,Remodeling support for your clients — MundsPro,bmeyers@vestapropertyservices.com
2026-09-18 19:03,Remodeling support for your clients — MundsPro,sarah@homeangelsfl.com
2026-09-18 19:03,Remodeling support for your clients — MundsPro,charlene@bocahome.com
2026-09-18 19:03,Remodeling support for your clients — MundsPro,BPayne@wpsgc.com
2026-09-18 19:04,Remodeling support for your clients — MundsPro,LBarnett@grsmgt.com
2026-09-18 19:04,Remodeling support for your clients — MundsPro,apm@cabbcondo.com
2026-09-18 19:04,Remodeling support for your clients — MundsPro,jordan@letrenova.com
2026-09-18 19:06,Remodeling support for your clients — MundsPro,cmorales@parkavenueentries.com
2026-09-18 19:06,Remodeling support for your clients — MundsPro,Lorit@unitedwaterrestoration.com
2026-09-18 19:06,Remodeling support for your clients — MundsPro,homescanfl@gmail.com
2026-09-18 19:06,Remodeling support for your clients — MundsPro,Christina.arlotta@fsresidential.com
2026-09-18 19:06,Remodeling support for your clients — MundsPro,safehomemanagment@gmail.com
2026-09-18 19:06,Remodeling support for your clients — MundsPro,tibor@florida360mgmt.com
2026-09-18 21:12,Checking in — MUNDSPRO,Michaelm1952@icloud.com
2026-09-18 22:23,Checking in — MUNDSPRO,lynnsolomon@comcast.net
2026-09-18 22:23,Checking in — MUNDSPRO,cjbyram@gmail.com
2026-09-18 22:23,Checking in — MUNDSPRO,bhowefla@yahoo.com
2026-09-18 22:23,Checking in — MUNDSPRO,cless.son@gmail.com
2026-09-18 22:23,Checking in — MUNDSPRO,rhbrick2889@yahoo.com
2026-09-18 22:23,Checking in — MUNDSPRO,sfradkin1@gmail.com
2026-09-18 22:24,Checking in — MUNDSPRO,ethyd@yahoo.com
2026-09-18 22:24,Checking in — MUNDSPRO,bigschott@yahoo.com
2026-09-18 22:24,Checking in — MUNDSPRO,luckywoman2003@gmail.com
2026-09-18 22:24,Checking in — MUNDSPRO,randy_ciocco@hotmail.com
2026-09-18 22:24,Checking in — MUNDSPRO,larsuzie2@aol.com
2026-09-18 22:24,Checking in — MUNDSPRO,jerangles@msn.com
2026-09-18 22:24,Checking in — MUNDSPRO,nicolebourassa@comcast.net
2026-09-18 22:24,Checking in — MUNDSPRO,urbanpd@comcast.net
2026-09-18 22:24,Checking in — MUNDSPRO,terrijank@gmail.com
2026-09-18 22:24,Checking in — MUNDSPRO,rfgomberg@aol.com
2026-09-18 22:24,Checking in — MUNDSPRO,bikerbell524@gmail.com
2026-09-18 22:24,Checking in — MUNDSPRO,glaze62@comcast.net
2026-09-18 22:24,Checking in — MUNDSPRO,jeanluc_caron@videotron.ca
2026-09-18 22:24,Checking in — MUNDSPRO,kenrifkin@gmail.com
2026-09-18 22:24,Checking in — MUNDSPRO,gkceo1@aol.com
2026-09-18 22:24,Checking in — MUNDSPRO,jdoesy@yahoo.com
2026-09-18 22:25,Checking in — MUNDSPRO,sarrakaplan@gmail.com
2026-09-18 22:25,Checking in — MUNDSPRO,nellman@yu.edu
2026-09-18 22:25,Checking in — MUNDSPRO,lovesherry@aol.com
2026-09-18 22:25,Checking in — MUNDSPRO,lindamargolis1@gmail.com
2026-09-18 22:25,Checking in — MUNDSPRO,stulangenthal@gmail.com
2026-09-18 22:25,Checking in — MUNDSPRO,yundi12003@yahoo.com
2026-09-18 22:25,Checking in — MUNDSPRO,mtjaswin@earthlink.com
2026-09-18 22:26,Checking in — MUNDSPRO,jetjock757@gmail.com
2026-09-18 22:26,Checking in — MUNDSPRO,gbmodla@gmail.com
2026-09-18 22:26,Checking in — MUNDSPRO,cleta0604@msn.com
2026-09-18 22:26,Checking in — MUNDSPRO,safta@comcast.net
2026-09-18 22:26,Checking in — MUNDSPRO,mrtrevi3@yahoo.com
2026-09-18 22:26,Checking in — MUNDSPRO,arlene.1.berger@gmail.com
2026-09-18 22:26,Checking in — MUNDSPRO,hmi400@aol.com
2026-09-18 22:26,Checking in — MUNDSPRO,rev.heidianne@gmail.com
2026-09-18 22:26,Checking in — MUNDSPRO,sassybergerbaby@yahoo.com
2026-09-18 22:26,Checking in — MUNDSPRO,olejunk@gmail.com
2026-09-18 22:26,Checking in — MUNDSPRO,redefapple@yahoo.com
2026-09-18 22:26,Checking in — MUNDSPRO,bgreenfield7@comcast.net
2026-09-18 22:26,Checking in — MUNDSPRO,twoberts@hotmail.com
2026-09-18 22:26,Checking in — MUNDSPRO,biglouj@aol.com
2026-09-18 22:26,Checking in — MUNDSPRO,amberfreire@bellsouth.net
2026-09-18 22:26,Checking in — MUNDSPRO,gadeil2@yahoo.com
2026-09-18 22:27,Checking in — MUNDSPRO,klemieux@keca.ca
2026-09-18 22:27,Checking in — MUNDSPRO,cconnolly142@comcast.net
2026-09-18 22:27,Checking in — MUNDSPRO,lalitasamrai@yahoo.com
2026-09-18 22:27,Checking in — MUNDSPRO,bozm21@gmail.com
2026-09-18 22:27,Checking in — MUNDSPRO,dolfin55@aol.com
2026-09-18 22:27,Checking in — MUNDSPRO,bobschlutow@gmail.com
2026-09-18 22:27,Checking in — MUNDSPRO,carolyngjl@gmail.com
2026-09-18 22:27,Checking in — MUNDSPRO,rachrymax@yahoo.com
2026-09-18 22:27,Checking in — MUNDSPRO,dawn.m.lenhard@gmail.com
2026-09-18 22:27,Checking in — MUNDSPRO,tinaperoni@msn.com
2026-09-18 22:27,Checking in — MUNDSPRO,sfiresd@aol.com
2026-09-18 22:27,Checking in — MUNDSPRO,owenpb@mac.com
2026-09-18 22:27,Checking in — MUNDSPRO,martino_isa@yahoo.com
2026-09-18 22:27,Checking in — MUNDSPRO,vahti123@aol.com
2026-09-18 22:27,Checking in — MUNDSPRO,sandychat@comcast.net
2026-09-18 22:27,Checking in — MUNDSPRO,mautinom@bellsouth.net
2026-09-18 22:27,Checking in — MUNDSPRO,maria@peakseven.com
2026-09-18 22:28,Checking in — MUNDSPRO,tmcnally@hazenandsawyer.com
2026-09-18 22:28,Checking in — MUNDSPRO,elenasamofalova777@gmail.com
2026-09-18 22:28,Checking in — MUNDSPRO,burtsilver@bellsouth.net
2026-09-20 23:51,Rebuild partner after your dry-outs — MundsPro,info@rapidrecoveryteam.com
2026-09-20 23:51,Rebuild partner after your dry-outs — MundsPro,david@pubadjuster.com
2026-09-20 23:51,Rebuild partner after your dry-outs — MundsPro,info@pinnacleclaimservices.com
2026-09-20 23:51,Rebuild partner after your dry-outs — MundsPro,contact@piccfla.com
2026-09-20 23:51,Rebuild partner after your dry-outs — MundsPro,office@oceanpoint.claims
2026-09-20 23:51,Rebuild partner after your dry-outs — MundsPro,integritymold@gmail.com
2026-09-20 23:51,Rebuild partner after your dry-outs — MundsPro,contact@getpaidforyourclaim.com
2026-09-20 23:51,Rebuild partner after your dry-outs — MundsPro,david@equitablepublicadjusters.com
2026-09-20 23:51,Rebuild partner after your dry-outs — MundsPro,leonardjr@equitablepublicadjusters.com
2026-09-20 23:51,Rebuild partner after your dry-outs — MundsPro,help@emergencyrestorationsciences.com
2026-09-20 23:51,Rebuild partner after your dry-outs — MundsPro,felix@driairrestoration.com
2026-09-20 23:51,Rebuild partner after your dry-outs — MundsPro,intake@dcspia.com
2026-09-20 23:51,Rebuild partner after your dry-outs — MundsPro,contact@dayadjusting.com
2026-09-20 23:51,Rebuild partner after your dry-outs — MundsPro,info@bocaratonwatercleanup.com
2026-09-20 23:51,Rebuild partner after your dry-outs — MundsPro,office@barclayspublicadjusters.com
2026-09-20 23:51,Rebuild partner after your dry-outs — MundsPro,AllstarAdjusting@gmail.com
2026-09-20 23:52,Interior contractor for your properties — MundsPro,info@bluecoastmanage.com
2026-09-20 23:52,Interior contractor for your properties — MundsPro,nikki@camams.com
2026-09-20 23:52,Rebuild partner after your dry-outs — MundsPro,bocaraton@watermoldandfire.com
2026-09-20 23:52,Rebuild partner after your dry-outs — MundsPro,claims@ucspa.com
2026-09-20 23:52,Rebuild partner after your dry-outs — MundsPro,info@unionrestoration.net
2026-09-20 23:52,Rebuild partner after your dry-outs — MundsPro,info@stanleyrestorationservices.com
2026-09-20 23:52,Rebuild partner after your dry-outs — MundsPro,office@smwaterdamage.com
2026-09-20 23:52,Rebuild partner after your dry-outs — MundsPro,contact@rightontimeservices.com
2026-09-20 23:52,Rebuild partner after your dry-outs — MundsPro,reliantclaims@gmail.com
2026-09-20 23:53,Referral partner for interior work — MundsPro,info@palmbeachcohandyman.com
2026-09-20 23:53,Referral partner for interior work — MundsPro,info@haiglandscape.com
2026-09-20 23:53,Referral partner for interior work — MundsPro,info@myeliteinspector.com
2026-09-20 23:53,Referral partner for interior work — MundsPro,DaltonplumbingLLC@gmail.com
2026-09-20 23:53,Referral partner for interior work — MundsPro,help@brownmech.com
2026-09-20 23:53,Referral partner for interior work — MundsPro,info@bocaelectricalservice.com
2026-09-20 23:53,Referral partner for interior work — MundsPro,sales@blueenergyelectric.com
2026-09-20 23:53,Referral partner for interior work — MundsPro,info@aztilac.com
2026-09-20 23:53,Interior contractor for your properties — MundsPro,palmbeach@itrip.net
2026-09-20 23:53,Interior contractor for your properties — MundsPro,palmbeachpremier@skyrun.com
2026-09-20 23:53,Interior contractor for your properties — MundsPro,info@realmanage.com
2026-09-20 23:53,Interior contractor for your properties — MundsPro,Office@mangrovepm.com
2026-09-20 23:53,Interior contractor for your properties — MundsPro,Info@jmamanagement.net
2026-09-20 23:53,Interior contractor for your properties — MundsPro,hello@hometeamluxuryrentals.com
2026-09-20 23:53,Interior contractor for your properties — MundsPro,info@digsify.com
2026-09-20 23:53,Interior contractor for your properties — MundsPro,contact@campbellproperty.com
2026-09-20 23:54,Pre-listing work in 48 hours — MundsPro,info@nicklausvance.com
2026-09-20 23:54,Pre-listing work in 48 hours — MundsPro,corporateoffice@donohuerealestate.com
2026-09-20 23:54,Pre-listing work in 48 hours — MundsPro,info@bocahome.com
2026-09-20 23:54,Referral partner for interior work — MundsPro,Contact@wellingtonhometeam.com
2026-09-20 23:54,Referral partner for interior work — MundsPro,HappyAgent@laerrealty.com
2026-09-20 23:54,Referral partner for interior work — MundsPro,supremewashingllc@gmail.com
2026-09-20 23:54,Referral partner for interior work — MundsPro,officeadmin@palmpoolspa.com
2026-09-21 13:20,Rebuild partner after your dry-outs — MundsPro,sporesuremold@gmail.com
2026-09-21 13:20,Rebuild partner after your dry-outs — MundsPro,Info@purespecenvironmental.com
2026-09-21 13:20,Rebuild partner after your dry-outs — MundsPro,donovan@moldsharkllc.com
2026-09-21 13:20,Rebuild partner after your dry-outs — MundsPro,palmbeach@mitmold.com
2026-09-21 13:20,Rebuild partner after your dry-outs — MundsPro,claims@lmrpublicadjusters.com
2026-09-21 13:20,Rebuild partner after your dry-outs — MundsPro,chris@itsmold.com
2026-09-21 13:20,Rebuild partner after your dry-outs — MundsPro,customerservice@homeenviroinspection.com
2026-09-21 13:20,Rebuild partner after your dry-outs — MundsPro,info@floridamoldadvisors.com
2026-09-21 13:20,Rebuild partner after your dry-outs — MundsPro,westpalmbeach@fastmoldtesting.com
2026-09-21 13:20,Rebuild partner after your dry-outs — MundsPro,claims@dolphinclaims.com
2026-09-21 13:20,Rebuild partner after your dry-outs — MundsPro,info@alphapia.com
2026-09-21 13:20,Rebuild partner after your dry-outs — MundsPro,info@airmd.com
2026-09-21 13:21,Interior contractor for your properties — MundsPro,info@mayfairre.com
2026-09-21 13:21,Interior contractor for your properties — MundsPro,info@majestichomemgmt.com
2026-09-21 13:21,Interior contractor for your properties — MundsPro,info@iberopropertymgmt.com
2026-09-21 13:21,Interior contractor for your properties — MundsPro,broker@624home.com
2026-09-21 13:21,Interior contractor for your properties — MundsPro,officemanager@elitepropmgt.com
2026-09-21 13:21,Interior contractor for your properties — MundsPro,office@coralcondos.com
2026-09-21 13:21,Interior contractor for your properties — MundsPro,info@cpmfl.com
2026-09-21 13:21,Interior contractor for your properties — MundsPro,bayhavenmgmt@gmail.com
2026-09-21 13:21,Interior contractor for your properties — MundsPro,info@anchoragepmi.com
2026-09-21 13:21,Interior contractor for your properties — MundsPro,contact@allcountycoastal.com
2026-09-21 13:21,Rebuild partner after your dry-outs — MundsPro,info@myvoda.com
2026-09-21 13:21,Rebuild partner after your dry-outs — MundsPro,Hello@unitedmoldinspections.com
2026-09-21 13:21,Rebuild partner after your dry-outs — MundsPro,info@trianglewaterdamage.com
2026-09-21 13:21,Rebuild partner after your dry-outs — MundsPro,info@themoldinspector.org
2026-09-21 13:21,Rebuild partner after your dry-outs — MundsPro,info@swadjusting.com
2026-09-21 13:22,Referral partner for interior work — MundsPro,john@pattersonelectricalcontracting.com
2026-09-21 13:22,Referral partner for interior work — MundsPro,office@freshwaterelectric.com
2026-09-21 13:22,Referral partner for interior work — MundsPro,dsmith@dcselectric.com
2026-09-21 13:22,Pre-listing work in 48 hours — MundsPro,dave@reedre.com
2026-09-21 13:22,Pre-listing work in 48 hours — MundsPro,sales@pposf.com
2026-09-21 13:22,Pre-listing work in 48 hours — MundsPro,hello@meyerlucas.com
2026-09-21 13:22,Pre-listing work in 48 hours — MundsPro,kevin@lighthouserealtyflorida.com
2026-09-21 13:22,Pre-listing work in 48 hours — MundsPro,Jeff@jeffgrantteam.com
2026-09-21 13:22,Pre-listing work in 48 hours — MundsPro,heroes@househeroes.com
2026-09-21 13:22,Pre-listing work in 48 hours — MundsPro,info@freedomcashhomebuyers.com
2026-09-21 13:22,Pre-listing work in 48 hours — MundsPro,underthepalmsrealty@gmail.com
2026-09-21 13:22,Pre-listing work in 48 hours — MundsPro,Coastlineteaminfo@gmail.com
2026-09-21 13:22,Interior contractor for your properties — MundsPro,office@seabreezecms.com
2026-09-21 13:22,Interior contractor for your properties — MundsPro,fitzroy12rhoden@yahoo.com
2026-09-21 13:22,Interior contractor for your properties — MundsPro,admin@proper-realty.com
2026-09-21 13:22,Interior contractor for your properties — MundsPro,FrontDesk@phoenixfla.com
2026-09-21 13:22,Interior contractor for your properties — MundsPro,info@ostopm.com
2026-09-21 13:23,Referral partner for interior work — MundsPro,info@coastalimpactwindowsfl.com
2026-09-21 13:23,Referral partner for interior work — MundsPro,wecare@whaleroofing.com
2026-09-21 13:23,Referral partner for interior work — MundsPro,Rogan@roganroofing.com
2026-09-21 13:23,Referral partner for interior work — MundsPro,info@macoroofing.com
2026-09-21 13:23,Referral partner for interior work — MundsPro,hightroofing@comcast.net
2026-09-21 13:23,Referral partner for interior work — MundsPro,americanroofingc@bellsouth.net
2026-09-21 13:23,Referral partner for interior work — MundsPro,receptionist@vankirkpools.com
2026-09-21 13:23,Referral partner for interior work — MundsPro,info@topnotchpools.com
2026-09-21 13:23,Referral partner for interior work — MundsPro,office@epicwatershapes.com
2026-09-21 13:23,Referral partner for interior work — MundsPro,Service@jupiterplumbing.com
2026-09-21 13:23,Referral partner for interior work — MundsPro,admin@hometownlandco.com
2026-09-21 13:23,Referral partner for interior work — MundsPro,Greenviewscapefl@gmail.com
2026-09-21 13:23,Referral partner for interior work — MundsPro,contact@delgarden.com
2026-09-21 13:23,Referral partner for interior work — MundsPro,ron@rachomeinspection.com
2026-09-21 13:23,Referral partner for interior work — MundsPro,stuart@multipointhomeinspections.com
2026-09-21 13:23,Referral partner for interior work — MundsPro,office@floridasfavoritehi.com
2026-09-21 13:23,Referral partner for interior work — MundsPro,floridawisdomhomeinspections@gmail.com
2026-09-21 13:23,Referral partner for interior work — MundsPro,fidelitybuilding@bellsouth.net
2026-09-21 13:23,Referral partner for interior work — MundsPro,Niko@winguayelectric.com
2026-09-21 13:23,Referral partner for interior work — MundsPro,admin@swinkelectric.com
2026-09-21 13:24,Referral partner for interior work — MundsPro,info@sanctuarywindows.com
2026-09-21 13:24,Referral partner for interior work — MundsPro,info@safeguardimpact.com
2026-09-21 13:24,Referral partner for interior work — MundsPro,receptionist@garabar.com
2026-09-21,A name for the condition issues on your reports — MundsPro,info@alliedappraisals.com
2026-09-21,A name for the condition issues on your reports — MundsPro,info@easternappraisals.com
2026-09-21,A name for the condition issues on your reports — MundsPro,rudy@flsunshineappraisals.com
2026-09-21,A name for the condition issues on your reports — MundsPro,orders@regionalvaluations.com
2026-09-21,A name for the condition issues on your reports — MundsPro,ssappraisals365@gmail.com
2026-09-21,A name for the condition issues on your reports — MundsPro,jim@tjrappraisals.com
2026-09-21,A name for the condition issues on your reports — MundsPro,service@truvalueres.com
2026-09-21,A name for the condition issues on your reports — MundsPro,WellingtonAprsls@aol.com
2026-09-21,A name for the condition issues on your reports — MundsPro,Orders@WestRockAppraisal.com
2026-09-21,Referral partner for your clients after a claim — MundsPro,aj@ajinsuranceservices.com
2026-09-21,Referral partner for your clients after a claim — MundsPro,processing@allcountyinsurance.com
2026-09-21,Referral partner for your clients after a claim — MundsPro,isabel@eatoninsurance.net
2026-09-21,Referral partner for your clients after a claim — MundsPro,service@flinsurancepros.com
2026-09-21,Referral partner for your clients after a claim — MundsPro,insurance@gbifl.com
2026-09-21,Referral partner for your clients after a claim — MundsPro,evan@aautoinsworld.com
2026-09-21,Referral partner for your clients after a claim — MundsPro,insuredchoice@insuredchoice.com
2026-09-21,Referral partner for your clients after a claim — MundsPro,hr@navsav.com
2026-09-21,Referral partner for your clients after a claim — MundsPro,rnichols@robertnicholsinsurancegroup.com
2026-09-21,Referral partner for your clients after a claim — MundsPro,michael@tgafl.com
2026-09-21,Referral partner for your clients after a claim — MundsPro,Contact@thesenagroup.com
2026-09-21,Referral partner for your clients after a claim — MundsPro,info@ventureinsurancepartners.com
2026-09-21,Contractor ready when the funds close — MundsPro,info@blocklending.com
2026-09-21,Contractor ready when the funds close — MundsPro,lisa@bluechiponline.com
2026-09-21,Contractor ready when the funds close — MundsPro,hello@fidelityhomegroup.com
2026-09-21,Contractor ready when the funds close — MundsPro,lee@heartmortgage.com
2026-09-21,Contractor ready when the funds close — MundsPro,TeamTaylor@InterConnectMortgage.com
2026-09-21,Contractor ready when the funds close — MundsPro,info@lmbankers.com
2026-09-21,Contractor ready when the funds close — MundsPro,ghayden@mtgdoneright.com
2026-09-21,Contractor ready when the funds close — MundsPro,reception@palmbeachmortgagegroup.com
2026-09-21,Contractor ready when the funds close — MundsPro,info@primemortgageinc.com
2026-09-21,So the listing looks right on shoot day — MundsPro,info@badimongroup.com
2026-09-21,So the listing looks right on shoot day — MundsPro,info@BocaRatonStudio.com
2026-09-21,So the listing looks right on shoot day — MundsPro,Matthew@BrightSkyMedia.net
2026-09-21,So the listing looks right on shoot day — MundsPro,edzak@edzakphoto.com
2026-09-21,So the listing looks right on shoot day — MundsPro,realestate@frantisekzeman.com
2026-09-21,So the listing looks right on shoot day — MundsPro,info@luxphotoandvideo.com
2026-09-21,So the listing looks right on shoot day — MundsPro,perfectREvisuals@gmail.com
2026-09-21,So the listing looks right on shoot day — MundsPro,sales@realestatephotographyusa.com
2026-09-21,So the listing looks right on shoot day — MundsPro,Shawnhoodmedia@gmail.com
2026-09-21,So the listing looks right on shoot day — MundsPro,support@v1realestatephotography.com
2026-09-21,The name to send your clients — MundsPro,contact@akeytitle.com
2026-09-21,The name to send your clients — MundsPro,info@bocatitleandescrow.com
2026-09-21,The name to send your clients — MundsPro,info@clear2closefl.com
2026-09-21,The name to send your clients — MundsPro,closings@coastaltitlesvcs.com
2026-09-21,The name to send your clients — MundsPro,info@completetitlesolutionsfl.com
2026-09-21,The name to send your clients — MundsPro,dctassell@kempelaw.com
2026-09-21,The name to send your clients — MundsPro,Office@DelrayTitle.com
2026-09-21,The name to send your clients — MundsPro,ken@etctitle.com
2026-09-21,The name to send your clients — MundsPro,jdm@firstprioritytitleco.com
2026-09-21,The name to send your clients — MundsPro,joshua@gerstin.com
2026-09-21,The name to send your clients — MundsPro,rmolina@homepartnerstitle.com
2026-09-21,The name to send your clients — MundsPro,info@jupitertitle.net
2026-09-21,The name to send your clients — MundsPro,lmantilla@ktitle.com
2026-09-21,The name to send your clients — MundsPro,closings@sagecompanies.net
2026-09-21,The name to send your clients — MundsPro,ewalters@theclosingconnection.com
2026-09-21,The name to send your clients — MundsPro,info@TimetoCloseTitle.com
2026-09-21,The name to send your clients — MundsPro,info@titlexperts.com
2026-09-21,Finishing the room around your closet install — MundsPro,ableclosets@gmail.com
2026-09-21,Finishing the room around your closet install — MundsPro,info@abclosets.com
2026-09-21,Finishing the room around your closet install — MundsPro,admin@bpkbf.com
2026-09-21,Finishing the room around your closet install — MundsPro,customer-service@calclosets.com
2026-09-21,Finishing the room around your closet install — MundsPro,dave@closetdecorandmore.com
2026-09-21,Finishing the room around your closet install — MundsPro,info@jlclosets.com
2026-09-21,Finishing the room around your closet install — MundsPro,info@onedaypalmbeach.com
2026-09-21,Finishing the room around your closet install — MundsPro,info@theclosetdoctor.com
2026-09-21,Finishing the room around your closet install — MundsPro,southflorida@tailoredcloset.com
2026-09-21,Finishing the room around your closet install — MundsPro,csmith@upclosets.com
2026-09-21,For the finish work around your floor jobs — MundsPro,info@apexflooringllc.com
2026-09-21,For the finish work around your floor jobs — MundsPro,info@palmbeachepoxy.com
2026-09-21,For the finish work around your floor jobs — MundsPro,amir@spfepoxy.com
2026-09-21,When the job is bigger than the door — MundsPro,fgdc10@yahoo.com
2026-09-21,When the job is bigger than the door — MundsPro,info@garagedoorsbocaraton.com
2026-09-21,When the job is bigger than the door — MundsPro,sales@generalgaragedoor.com
2026-09-21,When the job is bigger than the door — MundsPro,customerservice@residentialgaragedoorservice.net
2026-09-21,A name to give while you're already in the house — MundsPro,admin@automatedintelligence.ai
2026-09-21,A name to give while you're already in the house — MundsPro,Brandon@BKCSecurityLLC.com
2026-09-21,A name to give while you're already in the house — MundsPro,info@definitiveelectronics.com
2026-09-21,A name to give while you're already in the house — MundsPro,shawn@fusionsecuritysolutions.net
2026-09-21,A name to give while you're already in the house — MundsPro,info@gensecurity.com
2026-09-21,A name to give while you're already in the house — MundsPro,info@jbarontechnologies.com
2026-09-21,A name to give while you're already in the house — MundsPro,info@smarthomebocaraton.com
2026-09-21,For what comes after the clean-out — MundsPro,info@aaarousse.com
2026-09-21,For what comes after the clean-out — MundsPro,info@alloutjunkfl.com
2026-09-21,For what comes after the clean-out — MundsPro,junkforcewpb@gmail.com
2026-09-21,For what comes after the clean-out — MundsPro,dispatch@acceleratedwaste.com
2026-09-21,For what comes after the clean-out — MundsPro,junkhustlefl@gmail.com
2026-09-21,For what comes after the clean-out — MundsPro,info@oncallhauler.com
2026-09-21,For what comes after the clean-out — MundsPro,xstrashflorida@gmail.com
2026-09-21,For the repairs your clients ask about mid-move — MundsPro,abamover@gmail.com
2026-09-21,For the repairs your clients ask about mid-move — MundsPro,info@americasfms.com
2026-09-21,For the repairs your clients ask about mid-move — MundsPro,customer.service@americanvanlines.com
2026-09-21,For the repairs your clients ask about mid-move — MundsPro,info@baldeaglemoving.com
2026-09-21,For the repairs your clients ask about mid-move — MundsPro,info@bocamovingcompany.com
2026-09-21,For the repairs your clients ask about mid-move — MundsPro,info@coastalmovingservices.com
2026-09-21,For the repairs your clients ask about mid-move — MundsPro,info@goodgreek.com
2026-09-21,For the repairs your clients ask about mid-move — MundsPro,info@movesaferelocation.com
2026-09-21,For the repairs your clients ask about mid-move — MundsPro,info@movingsquad.com
2026-09-21,For the repairs your clients ask about mid-move — MundsPro,info@safebound.com
2026-09-21,For the repairs your clients ask about mid-move — MundsPro,info@smoothmoversinc.com
2026-09-21,For the repairs your clients ask about mid-move — MundsPro,COI@ssrelocation.com
2026-09-21,For the repairs your clients ask about mid-move — MundsPro,info0532@twomen.com
2026-09-21,For the repairs your clients ask about mid-move — MundsPro,info0680@twomen.com
2026-09-21,For the repairs your clients ask about mid-move — MundsPro,info@yourhometownmover.com
2026-09-21,Finishing the room around your window install — MundsPro,info@beautifulwindowsblinds.com
2026-09-21,Finishing the room around your window install — MundsPro,keith@blindexcellence.com
2026-09-21,Finishing the room around your window install — MundsPro,info@bocablinds.com
2026-09-21,Finishing the room around your window install — MundsPro,bjacobson@budgetblinds.com
2026-09-21,Finishing the room around your window install — MundsPro,info@capitolcarpetandtile.com
2026-09-21,Finishing the room around your window install — MundsPro,contact@designyourblind.com
2026-09-21,Finishing the room around your window install — MundsPro,adam.enhancementwindow@outlook.com
2026-09-21,Finishing the room around your window install — MundsPro,info@gatorblinds.com
2026-09-21,Finishing the room around your window install — MundsPro,lorijilldesigns@yahoo.com
2026-09-21,Finishing the room around your window install — MundsPro,Info@shadeswithinreach.com
2026-09-21,Finishing the room around your window install — MundsPro,info@supershadesouth.com
2026-09-21,Finishing the room around your window install — MundsPro,supreme01@att.net
2026-09-21,Finishing the room around your window install — MundsPro,theshadefactory@gmail.com
2026-09-21,For the repair work after what you find — MundsPro,info@al-flex.com
2026-09-21,For the repair work after what you find — MundsPro,info@davespestcontrol.com
2026-09-21,For the repair work after what you find — MundsPro,info@florida-environmental.com
2026-09-21,For the repair work after what you find — MundsPro,jreed@homeparamount.com
2026-09-21,For the repair work after what you find — MundsPro,office@ideales.org
2026-09-21,For the repair work after what you find — MundsPro,help@nativepest.com
2026-09-21,For the repair work after what you find — MundsPro,Branch268@orkin.com
2026-09-21,For the repair work after what you find — MundsPro,customercare@proforcepest.com
2026-09-21,For the repair work after what you find — MundsPro,info@protectivepestcontrol.com
2026-09-21,For the repair work after what you find — MundsPro,info@safehomezone.com
2026-09-21,For the repair work after what you find — MundsPro,customerservice@turnerpest.com
2026-09-21,Downsizing prep and unit updates — MundsPro,Support@assistedlivingbocaraton.com
2026-09-21,Downsizing prep and unit updates — MundsPro,rmoreira@curaliving.com
2026-09-21,Downsizing prep and unit updates — MundsPro,info@discoverymgt.com
2026-09-21,For the repairs that come up while you're already helping — MundsPro,medina.barbann@gmail.com
2026-09-21,For the repairs that come up while you're already helping — MundsPro,office@atimetomove.com
2026-09-21,For the repairs that come up while you're already helping — MundsPro,dawn@almostadaughterfl.com
2026-09-21,For the repairs that come up while you're already helping — MundsPro,maria.brightbeginnings@gmail.com
2026-09-21,For the repairs that come up while you're already helping — MundsPro,trapp@caringtransitions.com
2026-09-21,For the repairs that come up while you're already helping — MundsPro,info@nxtmovefl.com
2026-09-21,For the repairs that come up while you're already helping — MundsPro,nextstepseniorsolutions@gmail.com
2026-09-21,For the repairs that come up while you're already helping — MundsPro,hello@palmbeachorganized.com
2026-09-21,For the repairs that come up while you're already helping — MundsPro,sandy@stgconcierge.com
2026-09-21,For the repairs that come up while you're already helping — MundsPro,info@stsnostress.com
2026-09-21,For the repairs that come up while you're already helping — MundsPro,info@silversolutions.com
2026-09-21,For what homeowners bundle with a solar install — MundsPro,info@bigorangesolar.com
2026-09-21,For what homeowners bundle with a solar install — MundsPro,info@gosolarpower.com
2026-09-21,For what homeowners bundle with a solar install — MundsPro,office@greenenergysolar.net
2026-09-21,For what homeowners bundle with a solar install — MundsPro,palmbeachsolarllc@gmail.com
2026-09-21,For what homeowners bundle with a solar install — MundsPro,sales@sailfishsolar.com
2026-09-21,For what homeowners bundle with a solar install — MundsPro,info@solarprimeusa.com
2026-09-21,For what homeowners bundle with a solar install — MundsPro,support@sunvena.com
2026-09-21,For what homeowners bundle with a solar install — MundsPro,customersupport@sunburstsolar.com
2026-09-21,For what homeowners bundle with a solar install — MundsPro,info@trienergysavings.com
2026-09-21,For what homeowners bundle with a solar install — MundsPro,info@vinyasun.com
