tier,vertical,company,city,phone,website,contact_form_url,data_confidence,notes,already_known
0-WARM already in contacts,Restoration / Adjuster,AdvantaClean of Boca Raton,Boca Raton,(561) 299-3335,https://www.advantaclean.com/boca-raton-fl/,https://www.advantaclean.com/contact-us/,unconfirmed,Restoration + MoldRemediation; national franchise local office; AdvantaClean is explicitly a mitigation/remediation brand with no reconstruction arm - likely-no-rebuild (unconfirmed) = strong fit; phone from search-result title; one directory lists this location as closed - verify before outreach,YES
0-WARM already in contacts,Restoration / Adjuster,All Claims USA Public Adjusters,Boca Raton,561-264-6566,https://allclaimsusa.com,https://allclaimsusa.com/licensed-public-adjusters/,indexed,PublicAdjuster; multi-office FL firm; dedicated Boca Raton and Delray Beach office pages; phone from search-result title,YES
0-WARM already in contacts,Design / Showroom,Clive Daniel Home,Boca Raton,(561) 440-4663,https://clivedaniel.com,https://clivedaniel.com/boca-raton/,unconfirmed,"Showroom. Large furniture + design showroom with in-house design staff, no construction crew; 1351 NW Boca Raton Blvd. unconfirmed phone (prose summary only)",YES
0-WARM already in contacts,Property Mgmt / HOA,Grant Property Management,Boca Raton,561-417-4100,https://grantmgmt.com/,https://grantmgmt.com/contact-us/,indexed,HOA and condo management across Palm Beach County for ~30 years - Broken Sound Pkwy office,YES
0-WARM already in contacts,Restoration / Adjuster,Water Mold Fire Restoration,Boca Raton,561-401-0436,https://watermoldfire.net/boca-raton-fl/,,indexed,MoldRemediation + Restoration; multi-market brand with a Boca Raton page; phone from search-result title; verify it is a real local office and not a lead-gen page before outreach,YES
0-WARM already in contacts,Restoration / Adjuster,Palm Beach Restoration Company,Palm Beach,561-370-6476,https://palmbeachrestorationcompany.com,,unconfirmed,"Restoration; independent; phone from search-result title; small local operator, rebuild not marketed - likely-no-rebuild (unconfirmed)",YES
0-WARM already in contacts,Restoration / Adjuster,Express Emergency Services,Boca Raton,,https://expressemergency.com,https://expressemergency.com/contact/,unconfirmed,Restoration + MoldRemediation; independent; Boca Raton HQ per search prose - unconfirmed; also markets home remodeling so does in-house rebuild - weaker fit,YES
0-WARM already in contacts,Property Mgmt / HOA,FirstService Residential - Boca Raton,Boca Raton,,https://www.fsresidential.com/florida/offices/boca-raton-property-management/,,indexed,National brand but staffed Boca Raton office - one of the largest HOA/condo portfolios in the county,YES
0-WARM already in contacts,Trades / Real Estate,Florida State Home Inspectors Inc,Boca Raton,,https://floridastatehomeinspectors.com/,,indexed,HomeInspector - Boca Raton based covering Delray and south county,YES
0-WARM already in contacts,Trades / Real Estate,Lang Realty,Boca Raton,,https://www.langrealty.com/,,indexed,Brokerage - offices in Boca Delray Boynton and Jupiter; large agent base est 1989,YES
0-WARM already in contacts,Trades / Real Estate,Royal Palm Properties,Boca Raton,,https://royalpalm.com/,,indexed,Brokerage - exclusive broker for Royal Palm Yacht & Country Club; luxury pre-listing punch lists,YES
0-WARM already in contacts,Trades / Real Estate,Bergeron Plumbing,Delray Beach,,https://bergeronplumbing.com/,,indexed,Plumbing - 25+ years Delray Beach; service only not remodeling,YES
0-WARM already in contacts,Restoration / Adjuster,Mold Only,Delray Beach,,https://moldonly.com,,unconfirmed,"MoldRemediation; independent specialist, ~20 years per site copy - unconfirmed; the company name itself states the scope - likely-no-rebuild = strongest possible structural fit",YES
0-WARM already in contacts,Design / Showroom,TW Interiors,Delray Beach,,https://twinteriors.com,https://twinteriors.com/,indexed,InteriorDesign + Stager. Tiffany Woolley; design-only high-end full-service plus luxury staging across PBC,YES
0-WARM already in contacts,Property Mgmt / HOA,Vesta Property Services - Delray Beach,Delray Beach,,https://vestapropertyservices.com/boca-raton/,,indexed,Regional firm with Delray Beach and Wellington offices - HOA condo and association management,YES
0-WARM already in contacts,Restoration / Adjuster,PuroClean of Jupiter,Jupiter,,https://www.puroclean.com/jupiter-fl-puroclean-property-damage-restoration/,,unconfirmed,Restoration + MoldRemediation; franchise local office; PuroClean is a mitigation-first brand - likely-no-rebuild (unconfirmed) = strong fit; owner named Daniel Castro per search prose - unconfirmed,YES
0-WARM already in contacts,Property Mgmt / HOA,Palm Beach Property Management,Palm Beach,,https://pbpmflorida.com/,,indexed,Boutique HOA/condo firm since 1988 - site cites $1M clubhouse and interior renovation oversight,YES
0-WARM already in contacts,Restoration / Adjuster,Super Clean Restoration PB,Palm Beach,,https://supercleanrestorationpb.com,,unconfirmed,"Restoration; independent; serves Juno Beach, North Palm Beach, Riviera Beach, Tequesta; likely-no-rebuild (unconfirmed)",YES
0-WARM already in contacts,Design / Showroom,Annie Santulli Designs,Palm Beach Gardens,,https://anniesantullidesigns.com,https://anniesantullidesigns.com/,indexed,InteriorDesign. Design-only full-service luxury; Juno Beach/Jupiter/North Palm Beach/Palm Beach,YES
0-WARM already in contacts,Trades / Real Estate,Illustrated Properties Real Estate,Palm Beach Gardens,,https://www.ipre.com/,,indexed,Brokerage - major north-county brokerage with PBG and Jupiter offices,YES
0-WARM already in contacts,Property Mgmt / HOA,Atlis Property Management,West Palm Beach,,https://www.atlispm.com/,,indexed,Advertises flat-fee project management for renovations and capital improvements over $1000,YES
0-WARM already in contacts,Restoration / Adjuster,BioBusters Remediation LLC,West Palm Beach,,https://thebiobusters.com,,unconfirmed,MoldRemediation; independent specialist; mold-only scope means every job needs a finish contractor - likely-no-rebuild (unconfirmed) = strong fit,YES
0-WARM already in contacts,Restoration / Adjuster,Fundisa Restoration,West Palm Beach,,https://www.fundisarestoration.com,,unconfirmed,"Restoration; independent; founder Angelo Salamanca per directory - unconfirmed; serves Juno Beach, North Palm Beach, Riviera Beach, Tequesta",YES
0-WARM already in contacts,Restoration / Adjuster,Titan Restoration Construction,West Palm Beach,,https://titanrebuild.com,https://titanrebuild.com/contact-us/,indexed,"Restoration; independent; domain is literally 'titanrebuild' and they market reconstruction - does in-house rebuild, weak fit; list only as overflow/subcontract lead",YES
1-Mold assessor (legal referral),Restoration / Adjuster,Integrity Mold Inspections,Palm Beach Gardens,,https://integritymoldinspection.com,,unconfirmed,MoldRemediation (assessment side); independent; FL-licensed mold assessor Beau Rose and owner Sheri Rose per search prose - unconfirmed; assessors cannot legally remediate the jobs they assess in FL so they refer out - referral-source fit,
1-Mold assessor (legal referral),Restoration / Adjuster,Stanley Restoration Services Inc,West Palm Beach,,https://www.stanleyrestorationservices.com,https://www.stanleyrestorationservices.com/contact-stanley-restoration,unconfirmed,"Restoration + MoldRemediation; independent woman-owned; licensed FL mold assessor and remediator per site copy - unconfirmed; water/mold/fire only, no reconstruction marketed - likely-no-rebuild (unconfirmed) = strong fit",
2-Mitigation only,Restoration / Adjuster,Pure Maintenance Mold Remediation Palm Beach,Palm Beach County,561-220-9940,https://www.removemoldpalmbeach.com,,unconfirmed,"MoldRemediation; franchise local office (Pure Maintenance dry-fog system); treatment-only technology, never rebuilds - likely-no-rebuild (unconfirmed) = strong fit; phone from search-result title",
2-Mitigation only,Restoration / Adjuster,Rytech Restoration of Palm Beach / Boca Raton,West Palm Beach,561-266-4868,https://palm-beach-boca-raton.rytechinc.com,,unconfirmed,Restoration + MoldRemediation; national franchise local office; Rytech is a water-mitigation and mold specialist that does not market reconstruction - likely-no-rebuild (unconfirmed) = strong fit; phone taken from search-result title,
2-Mitigation only,Restoration / Adjuster,AquaMax Restoration Services,Boca Raton,,https://aquamax-restoration.com,,unconfirmed,Restoration + MoldRemediation; independent family-owned; 10034 Spanish Isles Blvd Ste C1 Boca Raton per search prose - unconfirmed; likely-no-rebuild (unconfirmed),
2-Mitigation only,Restoration / Adjuster,Boca Raton Water Cleanup,Boca Raton,,https://bocaratonwatercleanup.com,,unconfirmed,Restoration; independent; IICRC water mitigation; site copy says they coordinate through to full property reconstruction - weaker fit (unconfirmed),
2-Mitigation only,Restoration / Adjuster,Clean Restoration & Recovery Inc,Boca Raton,,https://clean-restoration.com,,unconfirmed,"Restoration + MoldRemediation; independent; water extraction, repair and mold removal in Boca Raton; likely-no-rebuild (unconfirmed)",
2-Mitigation only,Restoration / Adjuster,Emergency Restoration Sciences,Boca Raton,,https://www.emergencyrestorationsciences.com,,unconfirmed,"Restoration + MoldRemediation; independent; service-area pages for Boca Raton, Boynton Beach, Lake Worth; no email in search index; rebuild not marketed - likely-no-rebuild (unconfirmed)",
2-Mitigation only,Restoration / Adjuster,FDP Mold Remediation of Boca Raton,Boca Raton,,https://www.fdpmoldremediation.com/boca-raton-fl/,,unconfirmed,MoldRemediation; multi-market brand with a Boca Raton location; remediation-only - likely-no-rebuild (unconfirmed) = strong fit,
2-Mitigation only,Restoration / Adjuster,SERVPRO of South Palm Beach,Boca Raton,,https://www.servpro.com/locations/fl/servpro-of-south-palm-beach,https://www.servpro.com/locations/fl/servpro-of-south-palm-beach/contact,unconfirmed,Restoration; national franchise local office; covers Boca/Highland Beach/Delray; SERVPRO franchises are mitigation-led and rebuild capability varies by franchisee - likely-no-rebuild (unconfirmed); has a team page worth mining for a named owner,
2-Mitigation only,Restoration / Adjuster,Union Restoration,Boca Raton,,https://www.unionrestoration.net,,unconfirmed,MoldRemediation + Restoration; independent; IICRC-trained per site copy - unconfirmed; also uses unionrestoration.com; mold and water only - likely-no-rebuild (unconfirmed),
2-Mitigation only,Restoration / Adjuster,All Dry USA - Boynton Beach,Boynton Beach,,https://www.alldryus.com/florida/boynton-beach/,,unconfirmed,Restoration + MoldRemediation; regional multi-location firm; water/fire/mold; likely-no-rebuild (unconfirmed),
2-Mitigation only,Restoration / Adjuster,"Water, Mold & Fire Restoration Inc",Boynton Beach,,,,unconfirmed,Restoration + MoldRemediation; independent; 648 NW 1st Ave Boynton Beach per BBB/Yelp listing - unconfirmed; no website surfaced in the search index - find domain before outreach; mitigation-named - likely-no-rebuild (unconfirmed),
2-Mitigation only,Restoration / Adjuster,911 Restoration of West Palm Beach,Jupiter,,https://911restorationwestpalmbeach.com,https://911restorationwestpalmbeach.com/contact-us/,unconfirmed,Restoration; national franchise local office; 815 University Blvd Ste 306 Jupiter per listing - unconfirmed; franchise mitigation model - likely-no-rebuild (unconfirmed),
2-Mitigation only,Restoration / Adjuster,Express Dry Restoration LLC,Jupiter,,https://www.expressdryrestoration.com,https://www.expressdryrestoration.com/contact-us/,unconfirmed,Restoration; independent family-owned; 600 Capital St Ste F Jupiter per listing - unconfirmed; drying-focused brand name; likely-no-rebuild (unconfirmed) = strong fit; owner Keith Dussich per directory - unconfirmed,
2-Mitigation only,Restoration / Adjuster,Fides Restoration,Jupiter,,https://www.fidesrestoration.com,,unconfirmed,Restoration + MoldRemediation; independent; Jupiter-based serving all Palm Beach County; no published email found in search index; likely-no-rebuild (unconfirmed),
2-Mitigation only,Restoration / Adjuster,MoldOuts,Lake Worth,,https://moldouts.com,,unconfirmed,"MoldRemediation; independent specialist serving Lake Worth, West Palm Beach, Boynton Beach, Delray Beach; remediation-only - likely-no-rebuild (unconfirmed) = strong fit",
2-Mitigation only,Restoration / Adjuster,Express Water Damage Repair,Lantana,,https://expresswaterdamagerepair.com,,unconfirmed,Restoration; independent; Lantana/Lake Worth/Greenacres and a Boca Raton page; water-damage-only brand - likely-no-rebuild (unconfirmed),
2-Mitigation only,Restoration / Adjuster,Mold and Water Florida,Palm Beach Gardens,,https://www.moldandwaterflorida.com,,unconfirmed,"MoldRemediation + Restoration; independent; Palm Beach Gardens, Jupiter and Fort Lauderdale; remediation-only branding - likely-no-rebuild (unconfirmed) = strong fit",
2-Mitigation only,Restoration / Adjuster,ServiceMaster by Glenn's,Palm Beach Gardens,,https://servicemasterbyglenns.com,,unconfirmed,"Restoration; franchise local office, 44+ years per site copy - unconfirmed; locations pages for Palm Beach and Palm Beach Gardens; ServiceMaster Restore is mitigation-led - likely-no-rebuild (unconfirmed)",
2-Mitigation only,Restoration / Adjuster,Fire Water Mold Emergency Restoration,Riviera Beach,,https://www.fire-water-mold.com,,unconfirmed,Restoration + MoldRemediation; independent; service-area pages for Riviera Beach and Juno Beach; name is purely mitigation services - likely-no-rebuild (unconfirmed) = strong fit,
2-Mitigation only,Restoration / Adjuster,Dri Air Restoration,Royal Palm Beach,,https://driairrestoration.com,,unconfirmed,"Restoration + MoldRemediation; independent; 10698 Bobbie Lane Royal Palm Beach per search prose - unconfirmed; serves Juno Beach, Tequesta, Riviera Beach; drying-focused - likely-no-rebuild (unconfirmed)",
2-Mitigation only,Restoration / Adjuster,Remediation 911 Water Fire Mold Inc,Royal Palm Beach,,https://remediation911.com,https://remediation911.com/contact/,unconfirmed,Restoration + MoldRemediation; independent; 581 105th Ave N Unit 36 Royal Palm Beach; water/fire/storm/mold; named VP Anthony Massimino per search prose - unconfirmed; rebuild capability not advertised - likely-no-rebuild (unconfirmed),
2-Mitigation only,Restoration / Adjuster,A Plus Mold Remediation,West Palm Beach,,https://www.aplusmoldremediation.com,,unconfirmed,MoldRemediation; independent specialist; remediation-only scope - likely-no-rebuild (unconfirmed) = strong fit,
3-Restoration / adjuster,Restoration / Adjuster,PALS Public Adjusters,Boca Raton,+1 561 258 9012,,,indexed,"PublicAdjuster; independent; only a bocaratondirect.us directory listing surfaced, no own domain found - verify the business is active before outreach; phone from search-result title",
3-Restoration / adjuster,Restoration / Adjuster,Allstar Adjusting,Boca Raton,,https://allstaradjusting.com,,indexed,"PublicAdjuster; independent; dedicated Boca Raton, Delray Beach and Palm Beach pages; main listed number is a 954 Broward line so confirm the local office is real",
3-Restoration / adjuster,Restoration / Adjuster,Barclays Public Insurance Adjusters,Boca Raton,,https://barclayspublicadjusters.com,,indexed,PublicAdjuster; independent; Boca Raton positioned; no email in search index,
3-Restoration / adjuster,Restoration / Adjuster,DC Restoration Services,Boca Raton,,https://www.dcrestorationfl.com,,indexed,MoldRemediation + Restoration; independent; mold remediation and restoration in Boca Raton; no email in search index,
3-Restoration / adjuster,Restoration / Adjuster,Florida's Best Public Adjusters,Boca Raton,,https://www.flbestpublicadjusters.com,https://www.flbestpublicadjusters.com/contact/,indexed,PublicAdjuster; multi-office FL firm with Boca Raton and West Palm Beach location pages; has an 'our public adjusters' team page worth mining for named contacts,
3-Restoration / adjuster,Restoration / Adjuster,Get Paid For Your Claim,Boca Raton,,https://www.getpaidforyourclaim.com,https://www.getpaidforyourclaim.com/contact/,indexed,PublicAdjuster; independent; dedicated Boca Raton 33431 location page,
3-Restoration / adjuster,Restoration / Adjuster,PubAdjuster Corp,Boca Raton,,https://pubadjuster.com,https://pubadjuster.com/contact-us,unconfirmed,"PublicAdjuster; independent; principal David Falks per search prose - unconfirmed; city pages for Boca Raton, Delray Beach, Lake Worth, West Palm Beach, Palm Beach County; PAs win claims then hand owners to a contractor = ideal referral partner",
3-Restoration / adjuster,Restoration / Adjuster,Reliant Adjusters Group,Boca Raton,,https://www.reliantadjustersgroup.com,https://www.reliantadjustersgroup.com/contact-public-insurance-adjusters,unconfirmed,"PublicAdjuster; independent; 134 NW 16th St Suite 12 Boca Raton per search prose - unconfirmed; fire, hurricane, water and mold claims; ideal referral partner",
3-Restoration / adjuster,Restoration / Adjuster,United Claims Specialists,Boca Raton,,https://www.ucspa.com,,indexed,PublicAdjuster; multi-state firm with Boca Raton and Palm Beach County pages,
3-Restoration / adjuster,Restoration / Adjuster,United Water Restoration Group of South Florida,Boca Raton,,https://uwrgs.com,,indexed,Restoration; franchise local office; ALREADY A MUNDSPRO PARTNER - do not cold-email; separate Boynton Beach location exists; use as reference/intro source for peer firms,
3-Restoration / adjuster,Restoration / Adjuster,Equitable Public Adjusters & Appraisers,Boynton Beach,,https://equitablepublicadjusters.com,https://equitablepublicadjusters.com/contact-us/,unconfirmed,"PublicAdjuster; independent; owner Leonard Pisciotto Jr, FL license E108900, 4530 Pine Tree Drive Boynton Beach per search prose - unconfirmed; small owner-operated firm = easy to reach a decision maker",
3-Restoration / adjuster,Restoration / Adjuster,Joe Taylor Restoration,Boynton Beach,,,,unconfirmed,"Restoration + MoldRemediation; independent, in business since 2002 per search prose - unconfirmed; serves Boynton Beach and Delray Beach; website not surfaced - find domain before outreach",
3-Restoration / adjuster,Restoration / Adjuster,Day Adjusting & Consulting,Delray Beach,,https://www.dayadjusting.com,,unconfirmed,PublicAdjuster; FL license W805415 per search prose - unconfirmed; dedicated Delray Beach and West Palm Beach pages,
3-Restoration / adjuster,Restoration / Adjuster,Dependable Claims Specialists (DCS PIA),Delray Beach,,https://www.dcspia.com,,unconfirmed,PublicAdjuster; FL firm license W820363 per search prose - unconfirmed; condo and storm claims in Delray Beach and Palm Beach County - condo work is a good match for interior remodeling,
3-Restoration / adjuster,Restoration / Adjuster,Sill (Alex N. Sill Company),Delray Beach,,https://www.sill.com,,indexed,PublicAdjuster; large national loss-consulting firm with a Delray Beach office; strong on large/commercial losses which suit a finish contractor with capacity,
3-Restoration / adjuster,Restoration / Adjuster,Force1 Restoration,Lake Worth,,https://lake-worth-fl.force1restorationfl.com,,indexed,"Restoration; independent; city subdomain structure covering Lake Worth, Greenacres, Lantana; no email in search index",
3-Restoration / adjuster,Restoration / Adjuster,Water Floods Restoration (WFR),Lake Worth,,https://waterfloodsrestoration.com,,unconfirmed,"Restoration; independent, operating since 2003 per site copy - unconfirmed; serves Lake Worth, Lantana, Boynton Beach, Greenacres; storm/flood focused",
3-Restoration / adjuster,Restoration / Adjuster,MJL Public Adjusting and Consulting,Loxahatchee,,https://www.mjlpublicadjusting.com,,unconfirmed,"PublicAdjuster; independent owner-operator Mike Lardiere, FL license W718929 per search prose - unconfirmed; covers Wellington, Royal Palm Beach, Palm Beach Gardens, Jupiter; small firm = direct line to the principal",
3-Restoration / adjuster,Restoration / Adjuster,One Call Property Services,North Palm Beach County,,,,unconfirmed,"Restoration + MoldRemediation; independent; licensed FL mold remediator per search prose - unconfirmed; serves Juno Beach, North Palm Beach, Tequesta, Riviera Beach; website not surfaced - find domain before outreach",
3-Restoration / adjuster,Restoration / Adjuster,"Florida State Public Adjusters, Inc.",Palm Beach County,,https://floridastatepa.com,,indexed,"PublicAdjuster; FL firm with a Palm Beach County page covering Belle Glade, Greenacres, Lake Worth Beach, Riviera Beach, Jupiter, Palm Beach Gardens, Wellington",
3-Restoration / adjuster,Restoration / Adjuster,People's Insurance Claim Center (PICC),Palm Beach County,,https://piccfla.com,https://piccfla.com/contact,indexed,"PublicAdjuster; FL firm; commercial and condominium claim specialisation; covers Belle Glade, Greenacres, Lake Worth Beach, Riviera Beach",
3-Restoration / adjuster,Restoration / Adjuster,Pinnacle Claim Services Inc,Palm Beach County,,https://pinnacleclaimservices.com,,indexed,"PublicAdjuster; FL firm with a Palm Beach County page covering Belle Glade, Greenacres, Lake Worth, Riviera Beach",
3-Restoration / adjuster,Restoration / Adjuster,Rapid Recovery Team,Palm Beach County,,https://www.rapidrecoveryteam.com,https://www.rapidrecoveryteam.com/contact-us/,indexed,"Restoration + MoldRemediation; independent; city pages for Boca Raton, Boynton Beach, Lake Worth, Royal Palm Beach, Palm Beach Gardens; has a 'Restore & Remodel' service page so does some rebuild - weaker fit",
3-Restoration / adjuster,Restoration / Adjuster,Restore & More LLC,Palm Beach County,,https://restoreandmorellc.com,,unconfirmed,Restoration + MoldRemediation; independent; licensed mold removal and water/fire/wind damage contractor per site copy - unconfirmed; a Louisiana firm shares the name so verify identity before outreach,
3-Restoration / adjuster,Restoration / Adjuster,Right On Time Restoration,Palm Beach County,,https://www.rightontimerestoration.com,,indexed,Restoration + MoldRemediation; multi-state (PA/NJ/DE/FL) so the FL branch may be thinly staffed - verify local presence; emergency restoration and mold remediation,
3-Restoration / adjuster,Restoration / Adjuster,Claim Concepts,Palm Beach Gardens,,https://claimconcepts.com,https://claimconcepts.com/contact-us/,unconfirmed,"PublicAdjuster; independent; 4360 Northlake Blvd Ste 207 Palm Beach Gardens per listing - unconfirmed; team includes former insurance adjusters and restoration contractors; covers the whole county incl Belle Glade, Greenacres, Riviera Beach",
3-Restoration / adjuster,Restoration / Adjuster,SERVPRO of Wellington South,Wellington,,,,unconfirmed,Restoration; franchise local office; company name and existence from search prose only - unconfirmed; find its servpro.com location URL before outreach,
3-Restoration / adjuster,Restoration / Adjuster,Century Public Adjusters,West Palm Beach,,https://www.centurypublicadjusters.com,https://www.centurypublicadjusters.com/contact-us/,unconfirmed,PublicAdjuster; multi-office FL firm; 1645 Palm Beach Lakes Blvd Ste 1200 West Palm Beach per search prose - unconfirmed; 12+ years in Palm Beach County,
3-Restoration / adjuster,Restoration / Adjuster,Noble Public Adjusting Group,West Palm Beach,,https://noblepagroup.com,,indexed,PublicAdjuster; multi-state firm with a West Palm Beach location page; trademark held by Noble Public Adjusting Group,
3-Restoration / adjuster,Restoration / Adjuster,Ocean Point Claims,West Palm Beach,,https://oceanpoint.claims,https://oceanpoint.claims/locations/west-palm-beach-public-adjuster/,indexed,PublicAdjuster; independent FL firm with a dedicated West Palm Beach location page; also uses appraiseclaims.com,
3-Restoration / adjuster,Restoration / Adjuster,Regency Disaster Response Team (Regency DRT),West Palm Beach,,https://www.regencydrt.com,https://www.regencydrt.com/contact-us/,indexed,"Restoration + MoldRemediation; independent, multi-location FL; has a 'Meet Our Team' page (https://www.regencydrt.com/about-us/meet-our-team/) that should carry named contacts; also markets 'full service restoration' so rebuild capability unclear",
3-Restoration / adjuster,Restoration / Adjuster,The People's Choice Public Adjuster,West Palm Beach,,https://tpcpublicadjusters.com,,indexed,PublicAdjuster; independent; dedicated West Palm Beach page; no email in search index,
4-Design / showroom,Design / Showroom,Affiniti Architects,Boca Raton,561.750.0445,https://affinitiarchitects.com,https://affinitiarchitects.com/contact/,unconfirmed,Architect. Design-only; offices in Boca Raton AND Delray Beach; 30 yrs. unconfirmed phone (prose summary only),
4-Design / showroom,Design / Showroom,Capitol Carpet & Tile and Window Fashions,Boca Raton,(561) 353-9800,https://www.capitolcarpetandtile.com,https://www.capitolcarpetandtile.com/boca-raton-fl,unconfirmed,"Showroom. 5 PBC showrooms (Boca/Boynton/Wellington/PBG/Delray); flooring + window treatments, no carpentry. unconfirmed phone (prose summary only)",
4-Design / showroom,Design / Showroom,Cavastone,Boca Raton,561-994-9100,https://cavastone.com,https://cavastone.com/tile-stores-in-boca-raton-fl-location,unconfirmed,Millwork-Stone. Marble tile + granite/quartz countertops; 646 Park of Commerce Way. unconfirmed phone (prose summary only),
4-Design / showroom,Design / Showroom,Debra Juliano Interior Design (DJID),Boca Raton,561-368-6367,https://djidinc.com,https://djidinc.com/,indexed,"InteriorDesign. Design-only established Boca Raton residential designer. Phone from indexed page title, reliable",
4-Design / showroom,Design / Showroom,Ferguson Bath Kitchen & Lighting Gallery,Boca Raton,(561) 997-8735,https://www.fergusonhome.com,https://www.fergusonhome.com/showroom/branch/boca-raton-fl-showroom-0121,unconfirmed,"Showroom. Sells product only - no install crew, classic referral source; kitchen/bath/appliance/lighting. unconfirmed phone (prose summary only)",
4-Design / showroom,Design / Showroom,Madrigal Design Group,Boca Raton,561-825-6262,https://madrigaldesign.decoratingden.com,https://madrigaldesign.decoratingden.com/boca-raton-interior-designer/,unconfirmed,InteriorDecorator. Decorating Den franchise - decorating only no crew; Boca + West Palm Beach. unconfirmed phone (prose summary only),
4-Design / showroom,Design / Showroom,Deziner Tonie Interiors,Boynton Beach,561-324-9090,https://dezinertonie.decoratingden.com,https://dezinertonie.decoratingden.com/interior-designer-near-you-in-boynton-beach/,unconfirmed,InteriorDecorator. Tonie VanderHulst; Decorating Den franchise - design + project mgmt no crew. unconfirmed phone (prose summary only),
4-Design / showroom,Design / Showroom,Ceramic Matrix,Delray Beach,(561) 353-1449,https://ceramicmatrix.com,https://ceramicmatrix.com/delray-beach-ceramic-matrix-stone-marble-and-tile-distributor/,unconfirmed,"Millwork-Stone. Stone/marble/porcelain DISTRIBUTOR - pure material supplier, strong referral fit; 1250 Wallace Dr. unconfirmed phone (prose summary only)",
4-Design / showroom,Design / Showroom,Just Tile & Marble,Delray Beach,(561) 272-4900,https://justtiledelray.com,https://justtiledelray.com/tile-store-delray-beach/,unconfirmed,Millwork-Stone. Tile & stone showroom; 241 N Congress Ave; sells material needs installer. unconfirmed phone (prose summary only),
4-Design / showroom,Design / Showroom,Passeri Marble and Tile,Delray Beach,561-243-3356,https://www.passerimarble.com,https://www.passerimarble.com/,unconfirmed,Millwork-Stone. Marble & tile; Delray Beach. unconfirmed phone (prose summary only),
4-Design / showroom,Design / Showroom,Palm Beach Staging and Designs,Palm Beach Gardens,(561) 856-4686,https://www.palmbeachstaginganddesigns.com,https://www.palmbeachstaginganddesigns.com/,unconfirmed,Stager. Staging + space planning + furniture rental; Jupiter/Juno/Palm Beach/Tequesta. Needs fast cosmetic work pre-listing. unconfirmed phone (prose summary only),
4-Design / showroom,Design / Showroom,Terri Polimeni Interiors,Palm Beach Gardens,(561) 429-6003,https://terripolimeniinteriors.com,https://terripolimeniinteriors.com/contact-us/,unconfirmed,InteriorDesign. Design-only full-service luxury residential; furniture selection; serves PBG/Jupiter/Palm Beach/Boca. unconfirmed phone (prose summary only),
4-Design / showroom,Design / Showroom,Diana Lynne Interiors,West Palm Beach,(561) 469-8117,https://dianalynne.decoratingden.com,https://dianalynne.decoratingden.com/areas-we-serve/west-palm-beach/,unconfirmed,InteriorDecorator. Decorating Den franchise - decorating only no crew. unconfirmed phone (prose summary only),
4-Design / showroom,Design / Showroom,Jason Ball Interior Design,West Palm Beach,561.657.5757,https://www.jasonballinteriordesign.com,https://www.jasonballinteriordesign.com/contact,unconfirmed,InteriorDesign. Design-only custom residential incl. kitchen/bath; PBG/Jupiter/Wellington. unconfirmed phone (prose summary only),
4-Design / showroom,Design / Showroom,Adriana's Designs,Boca Raton,,https://adrianasdesigns.com,https://adrianasdesigns.com/,indexed,Showroom. Custom drapery/smart shades/upholstery; Boca Raton,
4-Design / showroom,Design / Showroom,Arc4 Design,Boca Raton,,https://www.arc4design.com,https://www.arc4design.com/,indexed,Architect. Design-only; Dominick J. Ranieri AIA; architecture + land planning + interior design,
4-Design / showroom,Design / Showroom,Distinctive Kitchens & Baths,Boca Raton,,https://distinctivekitchens.com,https://distinctivekitchens.com/,indexed,Showroom. Custom kitchen/bath cabinetry dealer; 1217 Clint Moore Rd. Verify whether they install,
4-Design / showroom,Design / Showroom,Gotcha Covered of Boca Delray,Boca Raton,,https://www.gotchacovered.com/boca-delray/,https://www.gotchacovered.com/boca-delray/,indexed,Showroom. Custom window treatments franchise; Boca Raton + Delray; no carpentry crew,
4-Design / showroom,Design / Showroom,HdA Architects,Boca Raton,,https://www.hdaarchitects.com,https://www.hdaarchitects.com/,indexed,Architect. Design-only luxury residential; modern/minimalist; Boca + Delray,
4-Design / showroom,Design / Showroom,RLC Architects,Boca Raton,,,https://www.bldup.com/organizations/rlc-architects,indexed,Architect. Design-only; Retzsch/Lanao/Caycedo AIA; residential + planning,
4-Design / showroom,Design / Showroom,Sold By Stage,Boca Raton,,https://www.soldbystage.com,https://www.soldbystage.com/,unconfirmed,Stager. Pre-listing staging serving Boca Raton / Delray Beach. Home city unconfirmed - may be Miami/Broward based,
4-Design / showroom,Design / Showroom,The Place For Kitchens and Baths,Boca Raton,,https://www.theplaceforkitchensandbaths.com,https://www.theplaceforkitchensandbaths.com/,indexed,Showroom. Cabinetry/countertops/sinks/faucets; Boca + Delray. Verify whether they install,
4-Design / showroom,Design / Showroom,Tiery J Boykin Architect LLC,Boca Raton,,https://www.tieryarchitect.com,https://www.tieryarchitect.com/,indexed,Architect. Design-only sole practitioner; AIA Florida State Board Director 2022-2025,
4-Design / showroom,Design / Showroom,Debra J Interiors,Boynton Beach,,,https://www.houzz.com/professionals/interior-designers-and-decorators/debra-j-interiors-pfvwus-pf~1040562712,indexed,InteriorDesign. Design-only; kitchen/bath/custom cabinet design; Boynton/Lake Worth. Own domain not found via search,
4-Design / showroom,Design / Showroom,Floor & Decor Boynton Beach,Boynton Beach,,https://www.flooranddecor.com,https://www.flooranddecor.com/store/boynton_beach/FL/33426/133,indexed,Showroom. Big-box tile/cabinets/countertops - refers all install work out to contractors,
4-Design / showroom,Design / Showroom,Flooring SF,Boynton Beach,,https://www.flooringsf.com,https://www.flooringsf.com/,indexed,Showroom. Hardwood/carpet/LVT/tile; 3469 W Boynton Beach Blvd,
4-Design / showroom,Design / Showroom,Line Creations & Design,Boynton Beach,,,https://www.houzz.com/professionals/interior-designers-and-decorators/line-creations-and-design-interior-design-pfvwus-pf~1045030464,indexed,InteriorDesign. Boynton Beach / Lake Worth. Own domain not found via search,
4-Design / showroom,Design / Showroom,Scarsdale Tile and Carpet,Boynton Beach,,https://www.scarsdaletile.com,https://www.scarsdaletile.com/,indexed,Showroom. Large-format porcelain/stone/wood; tri-county; flooring install only no carpentry,
4-Design / showroom,Design / Showroom,Simply Home Interiors,Boynton Beach,,,https://www.houzz.com/professionals/interior-designers-and-decorators/simply-home-interiors-pfvwus-pf~2017840619,indexed,InteriorDesign. Design-only; closet design/color/blinds; Boynton/Lake Worth/Royal Palm Beach. Own domain not found via search,
4-Design / showroom,Design / Showroom,Valentina Decorative Floors,Boynton Beach,,https://valentinadecorativefloors.com,https://valentinadecorativefloors.com/,indexed,Showroom. Decorative flooring; Boynton/Boca/Delray/Lake Worth/Wellington,
4-Design / showroom,Design / Showroom,Ames International Architecture,Delray Beach,,https://amesint.com,https://amesint.com/,indexed,Architect. Design-only residential + commercial; Palm Beach/Broward/Miami-Dade,
4-Design / showroom,Design / Showroom,Leighton Design Group,Delray Beach,,https://leightondesign.com,https://leightondesign.com/,indexed,InteriorDesign. Design-only full-service studio; elegant custom interiors,
4-Design / showroom,Design / Showroom,Olga Adler Interiors,Delray Beach,,https://delraybeachinteriors.com,https://delraybeachinteriors.com/contact-olga-adler-interiors/,unconfirmed,"InteriorDesign. Design-only boutique studio; Delray/Boca/Highland Beach/Gulf Stream. Phone omitted: only prose value seen was a 203 (Connecticut) area code, unconfirmed",
4-Design / showroom,Design / Showroom,Architect Stergas & Associates,Jupiter,,http://www.architectstergas.com,http://www.architectstergas.com/,indexed,Architect. Design-only licensed residential + commercial since 1991,
4-Design / showroom,Design / Showroom,Custom Cabinetry of the Palm Beaches,Jupiter,,https://customcabinetrypb.com,https://customcabinetrypb.com/about-1,indexed,Millwork-Stone. Family-owned 20+ yrs; 840 Jupiter Park Dr #105; Palm Beach + Martin counties,
4-Design / showroom,Design / Showroom,Kirchhoff & Associates Architects,Jupiter,,,https://www.classicist.org/membership-directory/kirchhoff-associates-architects-1/,indexed,Architect. Design-only; Thomas Kirchhoff; classical/traditional residences since 1994,
4-Design / showroom,Design / Showroom,Palm Beach Cabinet Company,Jupiter,,https://palmbeachcabinet.com,http://palmbeachcabinet.com/about-us/,indexed,Millwork-Stone. Custom cabinetry design/supply since 2002; 861 Jupiter Park Dr; supply-focused so needs installer,
4-Design / showroom,Design / Showroom,Rogers Design Group,Jupiter,,https://www.rogersdesign.com,https://www.rogersdesign.com/contact,indexed,InteriorDesign. Design-only; Lorraine Rogers-Bolton ASID; 30+ yrs; Jupiter/Tequesta/PBG/Singer Island,
4-Design / showroom,Design / Showroom,Stacy Miller Design,Jupiter,,https://stacymillerdesign.com,https://stacymillerdesign.com/,indexed,InteriorDesign. Design-only residential across PBC incl. Palm Beach Gardens,
4-Design / showroom,Design / Showroom,Waterview Kitchens,Jupiter,,https://waterviewkitchens.com,https://waterviewkitchens.com/,unconfirmed,Millwork-Stone. Custom cabinetry kitchens/baths/office; city unconfirmed,
4-Design / showroom,Design / Showroom,Willow Design Group,Jupiter,,https://www.willowdesigngroup.com,https://www.willowdesigngroup.com/,unconfirmed,InteriorDesign. Jupiter-based residential designer; design-only unconfirmed,
4-Design / showroom,Design / Showroom,Marcos Stone Works,Lake Worth,,https://mstoneworks.com,https://mstoneworks.com/stone-countertops-west-palm-beach/,indexed,Millwork-Stone. 15+ yrs custom stone countertop fabrication; Lake Worth serving WPB,
4-Design / showroom,Design / Showroom,Padron Flooring & Design Center,Lake Worth,,https://padronflooring.com,https://padronflooring.com/,indexed,Showroom. One of the largest tile showrooms in FL; since 1979; flooring only no carpentry,
4-Design / showroom,Design / Showroom,Bonilla Torregroza Architecture,Palm Beach,,,,unconfirmed,"Architect. High-end residential; Palm Beach/Jupiter/Wellington. No domain or listing URL surfaced - unconfirmed, name from prose summary",
4-Design / showroom,Design / Showroom,Conley Design Studio,Palm Beach,,https://conleydesigninc.com,https://conleydesigninc.com/,unconfirmed,InteriorDesign. Palm Beach / West Palm Beach residential; design-only unconfirmed,
4-Design / showroom,Design / Showroom,Studio KHORA,Palm Beach,,https://www.studiokhora.com,https://www.studiokhora.com/contemporary-houses,unconfirmed,Architect. Contemporary luxury houses; Palm Beach to Jupiter Island; design-only unconfirmed,
4-Design / showroom,Design / Showroom,Empire Stone,Riviera Beach,,https://empirepalmbeach.com,https://empirepalmbeach.com/,indexed,Millwork-Stone. Family-owned stone fabricator since 2001; Palm Beach/Broward/Martin,
4-Design / showroom,Design / Showroom,Kelly O'Neil Design,Wellington,,https://www.kellyoneildesign.com,https://www.kellyoneildesign.com/,indexed,InteriorDesign. Design-only luxury residential; whole-home renovations; Jupiter Island to Delray,
4-Design / showroom,Design / Showroom,Brown Design Studio,West Palm Beach,,https://www.browndesignstudio.com,https://www.browndesignstudio.com/contact,indexed,InteriorDesign. Design-only full-service studio; 20+ yrs experience,
4-Design / showroom,Design / Showroom,Granite & Marble World,West Palm Beach,,https://granitepalmbeach.com,https://granitepalmbeach.com/,indexed,Millwork-Stone. Granite/marble/quartzite/quartz fabrication + install; countertops only no carpentry,
4-Design / showroom,Design / Showroom,International Granite and Stone (IGS),West Palm Beach,,https://www.igscountertops.com,https://www.igscountertops.com/west-palm-beach-location/,indexed,Millwork-Stone. Cambria quartz + natural stone slab warehouse; slab supplier needs fabricator/installer partners,
4-Design / showroom,Design / Showroom,Linea Studio,West Palm Beach,,https://www.thelineastudio.com,https://www.thelineastudio.com/our-showroom/west-palm-beach-showroom,indexed,Showroom. Italian kitchen/bath/closet systems; 417 Northwood Rd design district; sells systems needs installer,
4-Design / showroom,Design / Showroom,Palm Beach Countertops,West Palm Beach,,https://palmbeachcountertops.com,https://palmbeachcountertops.com/,indexed,Millwork-Stone. Countertop fabricator based in West Palm Beach,
5-Property mgmt / HOA,Property Mgmt / HOA,Jupiter Management,Jupiter,561-743-4607,https://www.jupitermgt.com/,https://www.jupitermgt.com/contact-us/,indexed,HOA and condo management focused on northern Palm Beach County,
5-Property mgmt / HOA,Property Mgmt / HOA,Associated Property Management of the Palm Beaches,West Palm Beach,561-588-7210,http://apm247.net/,http://apm247.net/about-us/,indexed,Formed 1988 - reported 75+ associations countywide - very high turnover volume,
5-Property mgmt / HOA,Property Mgmt / HOA,Hawk-Eye Management Inc,Boca Raton,,https://www.hawkeyemanagementinc.com/,,indexed,Residential and commercial association management - Boca Raton and West Palm Beach pages,
5-Property mgmt / HOA,Property Mgmt / HOA,RealManage - Boca Raton,Boca Raton,,https://realmanage.com/locations/florida/boca-raton/,,indexed,National brand with Boca Raton location - large HOA portfolio in south county,
5-Property mgmt / HOA,Property Mgmt / HOA,JMA Community Management,Boynton Beach,,https://jmamanagement.net/,,indexed,HOA and condo management - Gateway Blvd Boynton Beach office,
5-Property mgmt / HOA,Property Mgmt / HOA,Spectrum Association Management - Boynton Beach,Boynton Beach,,https://spectrumam.com/florida/boynton-beach-hoa-management/,,indexed,Out-of-state parent with Boynton Beach HOA service page - confirm local staffing before outreach,
5-Property mgmt / HOA,Property Mgmt / HOA,Mangrove Property Management,Jupiter,,https://www.mangrovepm.com/,,indexed,Serves Juno Beach Jupiter North Palm Beach Palm Beach Gardens Singer Island and Tequesta,
5-Property mgmt / HOA,Property Mgmt / HOA,SkyRun Palm Beach,Palm Beach,,https://skyrun.com/palm-beach/management/,,indexed,STR management for Palm Beach Palm Beach Gardens and Palm Beach Island,
5-Property mgmt / HOA,Property Mgmt / HOA,iTrip Palm Beach,Palm Beach,,https://palmbeach.itrip.co/,,indexed,STR management covering Delray Highland Beach Lake Worth PBG Wellington and WPB,
5-Property mgmt / HOA,Property Mgmt / HOA,Blue Coast Management,Palm Beach County,,https://bluecoastmanage.com/palm-beach-county-airbnb-management/,,indexed,South Florida Airbnb/STR management - PBC landing page,
5-Property mgmt / HOA,Property Mgmt / HOA,Digsify Property Management,Palm Beach County,,https://go.digsify.com/,,indexed,Short-term vacation rental management focused on Palm Beach County,
5-Property mgmt / HOA,Property Mgmt / HOA,Home Team Luxury Rentals,Palm Beach County,,https://hometeamluxuryrentals.com/management/florida/palm-beach-county,,indexed,Luxury STR management - upscale units mean higher-spec interior refresh work,
5-Property mgmt / HOA,Property Mgmt / HOA,Association Management Services LLC,Palm Beach County - city unconfirmed,,https://camams.com/,https://camams.com/about-us,indexed,Community association management firm surfaced in Delray/Wellington search - office city not confirmed,
5-Property mgmt / HOA,Property Mgmt / HOA,Campbell Property Management,Palm Beach Gardens,,https://www.campbellpropertymanagement.com/,,indexed,Condos HOAs and high-rises - site references executing community renovations,
5-Property mgmt / HOA,Property Mgmt / HOA,CAMS Association Management,Wellington,,,,indexed,Wellington office on State Road 7 - established 1993 - own website not confirmed,
5-Property mgmt / HOA,Property Mgmt / HOA,JILSA Management LLC,West Palm Beach,,https://jilsamanagement.com/,,indexed,Full-service HOA and condo management with in-house maintenance crew - service pages for most PBC cities,
5-Property mgmt / HOA,Property Mgmt / HOA,MyHosti,West Palm Beach,,https://myhosti.com/,,indexed,Vacation rental property management and guest services based West Palm Beach,
5-Property mgmt / HOA,Property Mgmt / HOA,Palm Beach Managers LLC,West Palm Beach,,https://www.palmbeach4rent.com/,,indexed,Manages rehabbed single-family homes and investor condos - renovation-heavy portfolio,
5-Property mgmt / HOA,Property Mgmt / HOA,RPM Sunstate - Palm Beach County,West Palm Beach,,https://www.rpmsunstate.com/areas-we-serve/palm-beach-county-office,,indexed,Dedicated PBC office - markets fast turnover scheduling for repairs and re-listing,
5-Property mgmt / HOA,Property Mgmt / HOA,Seacrest Services,West Palm Beach,,https://www.seacrestservices.com/,,indexed,Community association management plus in-house maintenance division countywide,
5-Property mgmt / HOA,Property Mgmt / HOA,VILLAVANA,West Palm Beach,,https://www.villavanamanagement.com/,,indexed,Locally owned STR management across WPB Jupiter Juno Lake Worth NPB PBG Riviera Beach Singer Island,
6-Trades / real estate,Trades / Real Estate,Alphatec Electric,Boca Raton,(561) 629-8240,https://alphatecelectric.com/,,indexed,Electrical - Boca Raton residential electrician; phone from page title,
6-Trades / real estate,Trades / Real Estate,Gustafson Roofing Inc,Boynton Beach,561-880-3456,https://giroofers.com/,,indexed,Roofing - long-established Boynton roofer in homes daily; phone from page title,
6-Trades / real estate,Trades / Real Estate,Jupiter Roofing & Sheet Metal Inc,Jupiter,561-746-4066,https://www.jupiterroofing.com/,https://www.jupiterroofing.com/contact-us,indexed,Roofing - established north-county roofer; phone from directory page title,
6-Trades / real estate,Trades / Real Estate,Boca Electrical Service,Boca Raton,,https://bocaelectricalservices.com/,https://bocaelectricalservices.com/contact-us/,indexed,Electrical - 24/7 Boca Raton electrician serving greater Palm Beach County,
6-Trades / real estate,Trades / Real Estate,Boca Expert Realty LLC,Boca Raton,,https://www.bocaexpert.com/,,indexed,Brokerage - small Boca Raton independent brokerage,
6-Trades / real estate,Trades / Real Estate,Boca Impact Window and Door,Boca Raton,,https://www.bocaimpactwd.com/,,indexed,WindowsDoors - Boca Raton impact window and door installer,
6-Trades / real estate,Trades / Real Estate,Boca Luxury Condo Team,Boca Raton,,https://www.bocaluxurycondos.com/,https://www.bocaluxurycondos.com/contact/,indexed,Realtor team - Boca Raton luxury condo specialists; condo interior refresh work,
6-Trades / real estate,Trades / Real Estate,Boca Palm Estates,Boca Raton,,https://bocapalmestates.com/,,indexed,Investor-Flipper - partners with investors on renovation and resale projects in South Florida,
6-Trades / real estate,Trades / Real Estate,Broten Garage Door Sales,Boca Raton,,https://www.broten.com/,,indexed,OtherTrade garage doors - long-running South Florida garage door company,
6-Trades / real estate,Trades / Real Estate,Caldwell Roofing,Boca Raton,,https://caldwellroofing.com/,,unconfirmed,Roofing - Boca Raton re-roof and repair contractor; details unconfirmed,
6-Trades / real estate,Trades / Real Estate,Champagne & Parisi at Compass,Boca Raton,,https://www.bocaratonrealestate.com/,https://www.bocaratonrealestate.com/contact/,indexed,Realtor team - Boca and Delray luxury team with second site delraybeachrealestate.com,
6-Trades / real estate,Trades / Real Estate,Elite Power Solutions,Boca Raton,,https://www.elitepowersolutions.net/,,indexed,Electrical - electrical contractor covering Palm Beach County,
6-Trades / real estate,Trades / Real Estate,Engel & Volkers Boca Raton (Ledwitz),Boca Raton,,https://ledwitz.com/,,indexed,Realtor - owner brokers Michael and Wendy Ledwitz in Boca Raton,
6-Trades / real estate,Trades / Real Estate,FR Pavers & Stone,Boca Raton,,https://www.frpavers.com/,,indexed,Landscape - hardscape and paver contractor covering Boca Delray and Boynton,
6-Trades / real estate,Trades / Real Estate,HouseMaster of Boca Raton,Boca Raton,,https://housemaster.com/boca-raton-delray-home-inspection,https://housemaster.com/boca-raton-delray-home-inspection/contact-us,indexed,HomeInspector - franchise with heavy realtor referral flow in Boca and Delray,
6-Trades / real estate,Trades / Real Estate,Palm Air A/C,Boca Raton,,https://www.palmairac.com/,https://www.palmairac.com/contact/,indexed,HVAC - Boca Raton AC company serving Palm Beach and Broward,
6-Trades / real estate,Trades / Real Estate,ProShield Property Inspections,Boca Raton,,https://www.proshieldinspect.com/,https://www.proshieldinspect.com/contact/,indexed,HomeInspector - Boca Raton and Delray Beach inspections,
6-Trades / real estate,Trades / Real Estate,Rack Electric,Boca Raton,,https://rackelectric.com/,https://rackelectric.com/contact/,indexed,Electrical - generators EV chargers and whole-home electrical; in high-end Boca homes weekly,
6-Trades / real estate,Trades / Real Estate,STS Impact Windows Doors & Roofing,Boca Raton,,https://stswindows.com/,https://stswindows.com/contact/,indexed,WindowsDoors - impact window and door installer; exterior only no interior finish work,
6-Trades / real estate,Trades / Real Estate,Statewide Windows & Doors,Boca Raton,,https://www.statewideimpactwindows.com/,https://www.statewideimpactwindows.com/contact-us/,indexed,WindowsDoors - 25+ years impact window and door installer in Boca Raton,
6-Trades / real estate,Trades / Real Estate,The Doorman (Palm Beach Doors),Boca Raton,,https://www.palmbeachdoors.com/,,indexed,OtherTrade garage doors - Boca Raton garage door dealer and installer,
6-Trades / real estate,Trades / Real Estate,The Worth Group,Boca Raton,,https://theworthgrp.com/,,indexed,Realtor team - Boca Raton agents and realtors,
6-Trades / real estate,Trades / Real Estate,Jeffrey J. Katz Real Estate,Boynton Beach,,https://www.jeffreyjkatz.com/,,indexed,Realtor - 55+ active adult community specialist; dated condos needing kitchen and bath updates,
6-Trades / real estate,Trades / Real Estate,NV Realty Group,Boynton Beach,,https://www.nvrealtygroup.com/,,indexed,Brokerage - Boynton Beach and central county listings,
6-Trades / real estate,Trades / Real Estate,Priority Home Buyers,Boynton Beach,,https://priorityhomebuyers.com/,,indexed,Investor-Flipper - Boynton Beach cash buyer since 2007,
6-Trades / real estate,Trades / Real Estate,SeaBreeze Roofing,Boynton Beach,,https://seabreezeroof.com/,,indexed,Roofing - Boynton Beach and Palm Beach County repair and replacement,
6-Trades / real estate,Trades / Real Estate,CORE Cash Home Buyers,Delray Beach,,https://www.corecashhomebuyers.com/,,indexed,Investor-Flipper - Delray Beach and Boynton Beach cash buyer,
6-Trades / real estate,Trades / Real Estate,Dalton Plumbing LLC,Delray Beach,,https://daltonplumbingservices.com/,,indexed,Plumbing - small owner-operator covering all of Palm Beach County,
6-Trades / real estate,Trades / Real Estate,EXIT Realty Delray,Delray Beach,,https://exitrealtydelray.com/,,indexed,Brokerage - independent Delray Beach office,
6-Trades / real estate,Trades / Real Estate,LAER Realty Partners - Delray Beach,Delray Beach,,https://www.laerrealty.com/offices/165152-delray-beach-fl,,indexed,Brokerage - Delray Beach branch office,
6-Trades / real estate,Trades / Real Estate,The Plumbing Experts Inc,Delray Beach,,https://plumbingexperts.com/,,indexed,Plumbing - large South Florida service plumber; high call volume inside homes,
6-Trades / real estate,Trades / Real Estate,Treasurescapes,Delray Beach,,https://treasurescapesfl.com/,,indexed,Landscape - design build landscape firm serving Delray WPB Wellington and Boca,
6-Trades / real estate,Trades / Real Estate,Brown Mechanical Services,Jupiter,,https://brownmechanicalservices.com/,,indexed,HVAC - Jupiter and Palm Beach Gardens AC contractor,
6-Trades / real estate,Trades / Real Estate,Waterfront Properties & Club Communities,Jupiter,,https://www.waterfront-properties.com/,https://www.waterfront-properties.com/contact.php,indexed,Brokerage - Jupiter luxury waterfront and club community specialist,
6-Trades / real estate,Trades / Real Estate,Ward's Plumbing Services,Lantana,,https://southfloridaplumber.com/,,indexed,Plumbing - family owned since 1980 covering Lantana and Lake Worth,
6-Trades / real estate,Trades / Real Estate,Duke's Air Conditioning & Heating,North Palm Beach,,https://www.whyduke.com/,,indexed,HVAC - covers Tequesta Jupiter Palm Beach Gardens Lake Park and Juno Beach,
6-Trades / real estate,Trades / Real Estate,Donohue Real Estate,Palm Beach,,https://donohuerealestate.com/,,indexed,Brokerage - Palm Beach island corporate office plus three PBC locations,
6-Trades / real estate,Trades / Real Estate,Code Red Roofers,Palm Beach Gardens,,https://coderedroofers.com/,https://coderedroofers.com/contact-us/,unconfirmed,Roofing - publishes a dedicated Realtors referral page so already runs a referral program; PBG office address from prose so unconfirmed,
6-Trades / real estate,Trades / Real Estate,The Tricoli Team,Palm Beach Gardens,,https://www.tricoliteam.com/,,indexed,Realtor team - high-volume team across Palm Beach and Treasure Coast,
6-Trades / real estate,Trades / Real Estate,Our Family Buys Homes,Riviera Beach,,https://ourfamilybuyshomes.com/,https://ourfamilybuyshomes.com/contact-us/,indexed,Investor-Flipper - buys Palm Beach County homes for cash; renovates before resale,
6-Trades / real estate,Trades / Real Estate,Buckeye Plumbing Inc,Royal Palm Beach,,https://www.buckeyeplmg.com/,https://www.buckeyeplmg.com/contact-us/,indexed,Plumbing - major central-county service plumber with WPB and Jupiter coverage,
6-Trades / real estate,Trades / Real Estate,L.B. Rowe Inc,Royal Palm Beach,,http://www.lbrowe.com/,,indexed,Pool - custom pool spa and deck builder for Palm Beach County,
6-Trades / real estate,Trades / Real Estate,Haig Landscape Inc,Wellington,,https://www.haiglandscape.com/,https://www.haiglandscape.com/contact/,indexed,Landscape - luxury estate landscaping in Wellington and Palm Beach island; affluent referral base,
6-Trades / real estate,Trades / Real Estate,Palm Pool & Spa Inc,Wellington,,https://www.palmpoolandspainc.com/,https://www.palmpoolandspainc.com/contact-us,indexed,Pool - Wellington custom pool design build and repair,
6-Trades / real estate,Trades / Real Estate,RE/MAX Excellence,Wellington,,https://www.remax-excellence-fl.com/,,indexed,Brokerage - Wellington Royal Palm Beach and Jupiter luxury focus,
6-Trades / real estate,Trades / Real Estate,United Realty Group Wellington,Wellington,,https://www.unitedrealtygroupwellington.com/,,unconfirmed,Brokerage - 275+ agents in Palm Beach County per site copy; unconfirmed,
6-Trades / real estate,Trades / Real Estate,Wellington Home Team (Hansen Real Estate Group),Wellington,,https://wellingtonhometeam.com/,,indexed,Realtor team - Wellington specialist since 2001,
6-Trades / real estate,Trades / Real Estate,Aztil Air Conditioning,West Palm Beach,,https://www.aztilac.com/,https://www.aztilac.com/contact/,indexed,HVAC - large WPB and Riviera Beach AC company with big residential base,
6-Trades / real estate,Trades / Real Estate,Blue Energy Electric,West Palm Beach,,https://www.blueenergyelectric.com/,,indexed,OtherTrade solar and electric - 13+ years in Palm Beach County,
6-Trades / real estate,Trades / Real Estate,Cooling Advisors,West Palm Beach,,https://www.coolingadvisors.com/,https://www.coolingadvisors.com/contact,indexed,HVAC - West Palm Beach residential AC contractor,
6-Trades / real estate,Trades / Real Estate,Elite Property Inspection & Management,West Palm Beach,,https://myeliteinspector.com/,https://myeliteinspector.com/contact-us/,indexed,HomeInspector - sees every pre-sale deferred maintenance list; natural remodel handoff,
6-Trades / real estate,Trades / Real Estate,Florida Cash Home Buyers,West Palm Beach,,https://www.floridacashhomebuyers.com/,,indexed,Investor-Flipper - buying in WPB and Boynton since 2011,
6-Trades / real estate,Trades / Real Estate,Impact Windows & Doors of South Florida,West Palm Beach,,https://www.impactwindowsdoors.com/,https://www.impactwindowsdoors.com/contact-company.html,indexed,WindowsDoors - West Palm Beach impact window company,
6-Trades / real estate,Trades / Real Estate,Palm Beach County Handyman,West Palm Beach,,https://www.palmbeachcohandyman.com/,,indexed,Handyman - small-job handyman who declines larger jobs; natural referrer,
6-Trades / real estate,Trades / Real Estate,Palm Beach Epoxy Pros,West Palm Beach,,https://palmbeachepoxypros.com/,,indexed,OtherTrade epoxy floors - garage and polished concrete coatings across PBC,
6-Trades / real estate,Trades / Real Estate,Palm Beach Inspections LLC,West Palm Beach,,https://pbinspect.com/,https://pbinspect.com/contact,indexed,HomeInspector - West Palm Beach residential and commercial inspector,
6-Trades / real estate,Trades / Real Estate,Pool Tek of the Palm Beaches,West Palm Beach,,https://www.pooltekofpb.com/,https://www.pooltekofpb.com/contact.php,indexed,Pool - pool builder and renovator; backyard remodel clients often doing interiors next,
6-Trades / real estate,Trades / Real Estate,Supreme Pressure Washing LLC,West Palm Beach,,https://www.supremepresswashingllc.com/,https://www.supremepresswashingllc.com/contact-us,indexed,OtherTrade exterior cleaning - does pre-listing curb appeal prep work,
9-SKIP competitor,Design / Showroom,Schrapper's Fine Cabinetry & Design,Jupiter,561-746-3827,https://schrappers.com,https://schrappers.com/contact/,indexed,"Millwork-Stone. 42 yrs custom cabinetry; 240 W Indiantown Rd; Jupiter/WPB/PBG. Phone from indexed page title, reliable. NOTE Yelp lists them under General Contractors - qualify for in-house crew",
9-SKIP competitor,Design / Showroom,Allure Closets,Boca Raton,,,https://www.houzz.com/professionals/cabinets-and-cabinetry/allure-closets-pfvwus-pf~1295412713,indexed,"Showroom. Closets + custom built-ins/bookcases/shelving - direct millwork overlap, could be partner or competitor, qualify carefully. Own domain not found via search",
9-SKIP competitor,Design / Showroom,GMFI Stone and Cabinetry,Boynton Beach,,https://countertopspalmbeach.com,https://countertopspalmbeach.com/,indexed,"Millwork-Stone. Cabinets + countertop fabrication; 501 Industrial Ave. CAUTION prose says they do full kitchen/bath renovations - may be a competitor, qualify first",
9-SKIP competitor,Restoration / Adjuster,Paul Davis Restoration & Remodeling of Palm Beach County North,Boynton Beach,,https://palm-beach-county-north.pauldavis.com,https://palm-beach-county-north.pauldavis.com/contact/,indexed,Restoration; national franchise local office; brand name explicitly includes Remodeling so they likely self-perform reconstruction - weaker fit; may still overflow finish work,
9-SKIP competitor,Design / Showroom,Domaine Luxe,Delray Beach,,https://domaineluxe.com,https://domaineluxe.com/home-staging,indexed,InteriorDesign + Stager. Bespoke residential renovations and new builds - verify whether they carry an in-house crew; Best Home Staging Firm 2023 SE FL,
