vertical,company,city,email,source_url,phone,notes
New: Insurance/Title/Mortgage/etc / Appraiser,Allied Appraisal Services Inc,Boynton Beach,info@alliedappraisals.com,https://www.alliedappraisals.com/contact-us/,(954) 782-3130,South Florida office
New: Insurance/Title/Mortgage/etc / Appraiser,Eastern Appraisal Company Inc,Palm Beach Gardens,info@easternappraisals.com,https://www.easternappraisals.com/,(561) 855-0111,Florida office
New: Insurance/Title/Mortgage/etc / Appraiser,Florida Sunshine Appraisals,Boca Raton,rudy@flsunshineappraisals.com,https://www.flsunshineappraisals.com/contact/,561.725.9627,Palm Beach County office; also serves West Palm Beach
New: Insurance/Title/Mortgage/etc / Appraiser,Regional Valuations,West Palm Beach,orders@regionalvaluations.com,https://regionalvaluations.com/about/connect/,845-786-7374,
New: Insurance/Title/Mortgage/etc / Appraiser,S&S Home Appraisers,West Palm Beach,ssappraisals365@gmail.com,https://homeappraiserss.com/contact-us/,(954) 306-9501,Email verified via raw HTML source
New: Insurance/Title/Mortgage/etc / Appraiser,TJR Appraisals,West Palm Beach,jim@tjrappraisals.com,https://www.tjrappraisals.com/contact,561-729-3382,
New: Insurance/Title/Mortgage/etc / Appraiser,TruValue RES Inc,Boynton Beach,service@truvalueres.com,https://www.truvalueres.com/,(561) 568-5515,Email verified via raw HTML source
New: Insurance/Title/Mortgage/etc / Appraiser,Wellington Appraisals Inc,Wellington,WellingtonAprsls@aol.com,https://www.wellingtonappraisals.com/,,Email verified via raw HTML source
New: Insurance/Title/Mortgage/etc / Appraiser,WestRock Appraisal Service Corp,Royal Palm Beach,Orders@WestRockAppraisal.com,https://www.westrockre.com/contact,973-937-8762,
New: Insurance/Title/Mortgage/etc / Insurance,A & J Insurance Services,Lake Worth Beach,aj@ajinsuranceservices.com,https://www.ajinsuranceservices.com/insurance-agency-lake-worth-beach-fl/,(561) 586-4955,Serving Palm Beach County families since 2007
New: Insurance/Title/Mortgage/etc / Insurance,All County Insurance,West Palm Beach,processing@allcountyinsurance.com,https://www.allcountyinsurance.com/,561-683-1111,Independent agency since 1994
New: Insurance/Title/Mortgage/etc / Insurance,Eaton Insurance Inc,Lake Worth Beach,isabel@eatoninsurance.net,https://www.eatoninsurance.net/,561-966-1848,Independent agency since 1997
New: Insurance/Title/Mortgage/etc / Insurance,Florida Insurance Pros,Boynton Beach,service@flinsurancepros.com,https://www.flinsurancepros.com/,(561) 536-4938,Independent agency
New: Insurance/Title/Mortgage/etc / Insurance,Gracey-Backer Inc,Delray Beach,insurance@gbifl.com,https://www.graceybacker.com/,1 (800) 272-6055,Independent agency est. 1925; home/auto/boat/umbrella
New: Insurance/Title/Mortgage/etc / Insurance,Insurance World of Delray Beach,Delray Beach,evan@aautoinsworld.com,http://www.aautoinsworld.com/,561-276-7283,Serving Delray/Boca/Boynton since 1982
New: Insurance/Title/Mortgage/etc / Insurance,Insured Choice,Boynton Beach,insuredchoice@insuredchoice.com,https://www.insuredchoice.com/,(561) 736-6022,"Independent, locally based agency"
New: Insurance/Title/Mortgage/etc / Insurance,NavSav Insurance - Delray Beach,Delray Beach,hr@navsav.com,https://navsav.com/delraybeach/,561-638-0030,"Formerly Atlantic Insurance; email found is corporate address, not location-specific"
New: Insurance/Title/Mortgage/etc / Insurance,Robert Nichols Insurance Group,Jupiter,rnichols@robertnicholsinsurancegroup.com,https://www.robertnicholsinsurancegroup.com/contact.html,(561) 406-6153,"Email decoded from Cloudflare-protected data-cfemail hex on contact page (verbatim source, not guessed)"
New: Insurance/Title/Mortgage/etc / Insurance,The Gordon Agency,Boca Raton,michael@tgafl.com,https://www.tgafl.com/,(561) 988-3330,"Independent agency, 85+ yrs combined experience"
New: Insurance/Title/Mortgage/etc / Insurance,The Sena Group,Boca Raton,Contact@thesenagroup.com,https://www.thesenagroup.com/,561-391-4661,Independent agency; homeowners/personal/business insurance
New: Insurance/Title/Mortgage/etc / Insurance,Venture Insurance Partners,Jupiter,info@ventureinsurancepartners.com,https://ventureinsurancepartners.com/,(561) 746-4514,Also has a Boynton Beach office
New: Insurance/Title/Mortgage/etc / Mortgage,Block Financial Resources,Delray Beach,info@blocklending.com,https://www.blocklending.com/locations/florida/delray-beach-mortgage-brokers.html,561-372-2380,
New: Insurance/Title/Mortgage/etc / Mortgage,Blue Chip Lending Services,Lake Worth Beach,lisa@bluechiponline.com,https://bluechiplending.com/contact/,(561) 531-9993,
New: Insurance/Title/Mortgage/etc / Mortgage,Fidelity Home Group (Lake Worth FL Mortgage),Lake Worth Beach,hello@fidelityhomegroup.com,https://www.lakeworthflmortgage.com/contact/,561-693-3800,Email found in raw HTML source of contact page (obfuscated in rendered view)
New: Insurance/Title/Mortgage/etc / Mortgage,Heart Mortgage,Boca Raton,lee@heartmortgage.com,https://heartmortgage.com/contact-us/,(833) 214-8444,Bilingual loan officers; purchase/refi/reverse
New: Insurance/Title/Mortgage/etc / Mortgage,Interconnect Mortgage,Palm Beach Gardens,TeamTaylor@InterConnectMortgage.com,https://www.interconnectmortgage.com/,(561) 556-7109,Non-QM/self-employed/investor loans
New: Insurance/Title/Mortgage/etc / Mortgage,Lakeview Mortgage Bankers,Delray Beach,info@lmbankers.com,https://lmbankers.com/get-in-touch/,(516) 264-7040,
New: Insurance/Title/Mortgage/etc / Mortgage,Mortgages Done Right (Greg Hayden),Boynton Beach,ghayden@mtgdoneright.com,https://mortgagesdoneright.com/contact/,,Email verified via raw HTML source; also serves Wellington (wellingtonmortgagebroker.com redirects here)
New: Insurance/Title/Mortgage/etc / Mortgage,Palm Beach Mortgage Group,West Palm Beach,reception@palmbeachmortgagegroup.com,https://palmbeachmortgagegroup.com/contact-us/,(561) 478-4780,Shops 100+ lenders; also serves PBG/Wellington/Lake Worth/Royal Palm Beach
New: Insurance/Title/Mortgage/etc / Mortgage,Prime Mortgage Inc (Richard Whalen),Palm Beach Gardens,info@primemortgageinc.com,https://www.primemortgageinc.com/,561-946-1111,
New: Insurance/Title/Mortgage/etc / Photographer,Badimon Group,Delray Beach,info@badimongroup.com,https://badimongroup.com/contact/,866-868-1990,Digital marketing agency incl. real estate photography
New: Insurance/Title/Mortgage/etc / Photographer,Boca Raton Studio,Boca Raton,info@BocaRatonStudio.com,https://www.bocaratonstudio.com/,+1.561.465.6003,
New: Insurance/Title/Mortgage/etc / Photographer,Bright Sky Media,Boca Raton,Matthew@BrightSkyMedia.net,https://brightskymedia.net/contact/,561-717-1999,Also offers drone photography
New: Insurance/Title/Mortgage/etc / Photographer,Edouard Zak Photography,Palm Beach Gardens,edzak@edzakphoto.com,https://edzakphoto.com/,561 847 0380,Luxury/waterfront/golf community specialist
New: Insurance/Title/Mortgage/etc / Photographer,Frantisek Zeman Photography,Boca Raton,realestate@frantisekzeman.com,https://www.frantisekzeman.com/contact.php,561-454-9896,"Site explicitly lists Delray Beach, Boynton Beach, Lake Worth, West Palm Beach, Palm Beach Gardens, Jupiter and Wellington as service area"
New: Insurance/Title/Mortgage/etc / Photographer,LUX Photo & Video,Jupiter,info@luxphotoandvideo.com,https://www.luxphotoandvideo.com/contactus,561.247.2341,Serves Jupiter/Tequesta/Stuart
New: Insurance/Title/Mortgage/etc / Photographer,Perfect Real Estate Visuals,Boca Raton,perfectREvisuals@gmail.com,https://www.perfectrealestatevisuals.com/contact-us/,,Owned/operated by real estate agents; serves multiple Palm Beach County cities
New: Insurance/Title/Mortgage/etc / Photographer,Real Estate Photography USA,Delray Beach,sales@realestatephotographyusa.com,https://www.realestatephotographyusa.com/,(786) 972-2604,"Flat fee, 24-hour turnaround"
New: Insurance/Title/Mortgage/etc / Photographer,Shawn Hood Media,West Palm Beach,Shawnhoodmedia@gmail.com,https://www.shawnhoodmedia.com/contact,561-267-3997,South Florida real estate photography
New: Insurance/Title/Mortgage/etc / Photographer,V1 Real Estate Photography,Boca Raton,support@v1realestatephotography.com,https://v1realestatephotography.com/contact-us/,1-833-558-1742,Countywide HDR/drone/3D tour service
New: Insurance/Title/Mortgage/etc / Title,Attorneys Key Title LLC,Delray Beach,contact@akeytitle.com,https://attorneyskeytitle.com/,(954) 306-9550,Attorney owned/operated
New: Insurance/Title/Mortgage/etc / Title,Boca Title & Escrow,Boca Raton,info@bocatitleandescrow.com,https://www.bocatitleandescrow.com/contact/,561-264-5290,
New: Insurance/Title/Mortgage/etc / Title,Clear2Close Title & Escrow,Lake Worth Beach,info@clear2closefl.com,https://www.clear2closefl.com/Contact-Us,561.600.0448,"Attorney-owned; HQ in Lantana, serves all of Palm Beach County"
New: Insurance/Title/Mortgage/etc / Title,Coastal Title Services,Jupiter,closings@coastaltitlesvcs.com,https://coastaltitlesvcs.com/contact/,(561) 835-5900,Also serves Palm Beach Gardens and Royal Palm Beach
New: Insurance/Title/Mortgage/etc / Title,Complete Title Solutions,Boca Raton,info@completetitlesolutionsfl.com,https://completetitlesolutionsfl.com/,(561) 322-3332,
New: Insurance/Title/Mortgage/etc / Title,Counselors Title Company LLC,Jupiter,dctassell@kempelaw.com,https://counselorstitleco.com/contact/,(561) 747-7300,
New: Insurance/Title/Mortgage/etc / Title,Delray Title & Abstract,Delray Beach,Office@DelrayTitle.com,https://delraytitle.com/,(561) 278-1203,"Original Delray Beach title company, est. 1979"
New: Insurance/Title/Mortgage/etc / Title,Expert Title Company,Boca Raton,ken@etctitle.com,https://www.experttitlecompany.com/contact-us/,(954) 570-5959,
New: Insurance/Title/Mortgage/etc / Title,First Priority Title Services Inc,Boynton Beach,jdm@firstprioritytitleco.com,https://www.firstprioritytitleco.com/contact-us,(561) 738-1370,"Attorney-owned, 40+ yrs; several staff emails also on contact page"
New: Insurance/Title/Mortgage/etc / Title,Gerstin & Associates,Boca Raton,joshua@gerstin.com,https://bocatitleinsurance.com/,(561) 750-3456,"Also serves Delray Beach, Deerfield Beach, Parkland"
New: Insurance/Title/Mortgage/etc / Title,HomePartners Title,Palm Beach Gardens,rmolina@homepartnerstitle.com,https://www.homepartnerstitle.com/contact/,(561) 745-0030,
New: Insurance/Title/Mortgage/etc / Title,Jupiter Title,Jupiter,info@jupitertitle.net,https://jupitertitle.net/,(561) 427-2189,25+ years experience
New: Insurance/Title/Mortgage/etc / Title,K Title Company,Palm Beach Gardens,lmantilla@ktitle.com,https://ktitle.com/contact/,(561) 571-7599,
New: Insurance/Title/Mortgage/etc / Title,Sage Title & Escrow Services,Palm Beach Gardens,closings@sagecompanies.net,https://www.sagecompanies.net/contact,(561) 721-2980,
New: Insurance/Title/Mortgage/etc / Title,The Closing Connection Inc,Wellington,ewalters@theclosingconnection.com,https://theclosingconnection.com/contact_us.html,561-784-9720,
New: Insurance/Title/Mortgage/etc / Title,Time to Close Title,Lake Worth Beach,info@TimetoCloseTitle.com,https://www.timetoclosetitle.com/lake-worth-fl/local/closing-services,352-792-1214,
New: Insurance/Title/Mortgage/etc / Title,Title Xperts LLC,West Palm Beach,info@titlexperts.com,https://www.titlexperts.com/contact,(561) 510-2294,Attorney founded/operated
New: Moving/Closets/etc / Closets,Able Closets,Palm Beach Gardens,ableclosets@gmail.com,https://ableclosets.net/,,Serves Palm Beach Gardens and Wellington
New: Moving/Closets/etc / Closets,American Built-In Closets,Delray Beach,info@abclosets.com,https://www.abclosets.com/contact-us/,954-748-0800,Owner-operated 30+ years; serves Palm Beach and Broward counties
New: Moving/Closets/etc / Closets,Best Price Kitchen Bath,Boynton Beach,admin@bpkbf.com,https://bestpricekitchenbath.co/custom-closets/,,"Custom closets and dressing rooms; serves Boynton Beach, Wellington"
New: Moving/Closets/etc / Closets,California Closets - Palm Beach,Palm Beach Gardens,customer-service@calclosets.com,https://www.locations.californiaclosets.com/california-closets-palm-beach-d8997b296fa4,(561) 575-9511,"Showroom at 4763 PGA Blvd, PBG; also has a Boca Raton showroom page using same corporate email"
New: Moving/Closets/etc / Closets,Closet Décor & More,Boca Raton,dave@closetdecorandmore.com,https://www.closetdecorandmore.com/boca-raton-fl/custom-closet-systems,(954) 280-9681,Custom closet systems design and installation
New: Moving/Closets/etc / Closets,JL Closets,Boca Raton,info@jlclosets.com,https://jlclosets.com/contact/,561.912.9881,"34 years in business; showroom Boca Raton, serves countywide incl. WPB, Delray, Jupiter"
New: Moving/Closets/etc / Closets,One Day Doors & Closets of Palm Beach,Boynton Beach,info@onedaypalmbeach.com,https://onedaydoorsandclosets.com/cities/boynton-beach-fl/custom-closets,,Door refacing and custom closets
New: Moving/Closets/etc / Closets,The Closet Doctor,Boca Raton,info@theclosetdoctor.com,https://www.theclosetdoctor.com/contact-us,(954) 973-2522,In-home consultation and sketches; serves Broward and Palm Beach counties
New: Moving/Closets/etc / Closets,The Tailored Closet of West Palm Beach,West Palm Beach,southflorida@tailoredcloset.com,https://www.tailoredcloset.com/near-me/west-palm-beach-fl/about-us/,(561) 440-5664,"Serves Palm Beach Island, Jupiter, Wellington, Boca Raton, Delray Beach"
New: Moving/Closets/etc / Closets,Up Closets of Palm Beach,Boca Raton,csmith@upclosets.com,https://upclosets.com/boca-raton/,(561) 782-5368,"Covers Boca Raton, Palm Beach Gardens, Jupiter, Boynton Beach location pages"
New: Moving/Closets/etc / EpoxyFloor,Apex Epoxy Flooring,Boca Raton,info@apexflooringllc.com,https://apexflooringllc.com/apex-epoxy-flooring-of-boca-raton/,(561) 556-7404,"1-day install, 25-year warranty; also serves West Palm Beach"
New: Moving/Closets/etc / EpoxyFloor,Palm Beach Epoxy,Delray Beach,info@palmbeachepoxy.com,https://palmbeachepoxy.com/delray-beach/,,1-day decorative/protective industrial-grade coatings; also sales@palmbeachepoxy.com
New: Moving/Closets/etc / EpoxyFloor,SPF Industrial,West Palm Beach,amir@spfepoxy.com,https://spfepoxy.com/garage-epoxy-flooring/west-palm-beach-fl/,,Email decoded from Cloudflare data-cfemail hex and confirmed
New: Moving/Closets/etc / GarageDoor,Florida Garage Door Company,Boynton Beach,fgdc10@yahoo.com,https://www.floridagaragedoorcompany.com/,(561) 451-8686,"Email confirmed via mailto: link in raw HTML (3 occurrences); family-owned, 24/7 emergency, serves Boynton/Delray/WPB"
New: Moving/Closets/etc / GarageDoor,Garage Doors Boca Raton,Boca Raton,info@garagedoorsbocaraton.com,https://www.garagedoorsbocaraton.com/,,Installation repair and replacement
New: Moving/Closets/etc / GarageDoor,General Garage Door,West Palm Beach,sales@generalgaragedoor.com,https://www.generalgaragedoor.com/contact.php,(561) 844-6145,"45+ years; serves WPB, North Palm Beach, Boynton, Delray, Jupiter, PBG, Wellington"
New: Moving/Closets/etc / GarageDoor,Residential Garage Door Service (RGDS),Jupiter,customerservice@residentialgaragedoorservice.net,https://www.residentialgaragedoorservice.net/,,Serves 39 cities incl. Jupiter WPB Boca PBG Wellington
New: Moving/Closets/etc / HomeSecurity,Automated Intelligence,Boca Raton,admin@automatedintelligence.ai,https://www.automatedintelligence.ai/,,"Home automation, security camera installation; also will@automatedintelligence.ai"
New: Moving/Closets/etc / HomeSecurity,B.K.C Security LLC,Palm Beach,Brandon@BKCSecurityLLC.com,https://www.bkcsecurity.net/,,Security camera installation
New: Moving/Closets/etc / HomeSecurity,Definitive Electronics,Boca Raton,info@definitiveelectronics.com,https://definitiveelectronics.com/contact-us/,,"Smart home automation, home theater, security; countywide (Boca, WPB, PBG, Palm Beach)"
New: Moving/Closets/etc / HomeSecurity,Fusion Security Solutions (WPB Home Security),West Palm Beach,shawn@fusionsecuritysolutions.net,https://wpbhomesecurity.com/,,"Serves Boca, Delray, Wellington, PBG, Lantana, WPB"
New: Moving/Closets/etc / HomeSecurity,General Security,West Palm Beach,info@gensecurity.com,https://www.gensecurity.com/home-security-systems-west-palm-beach,,Dispatches from Palm Beach Gardens; cameras sensors alarms
New: Moving/Closets/etc / HomeSecurity,J.Baron Technologies,Boca Raton,info@jbarontechnologies.com,https://www.jbarontechnologies.com/pages/contact-us,,"Home automation, security cameras, home theater, access control"
New: Moving/Closets/etc / HomeSecurity,SmartHomeBoca,Boca Raton,info@smarthomebocaraton.com,https://smarthomebocaraton.com/,,Smart locks Ring cameras Nest thermostats Alexa setup
New: Moving/Closets/etc / JunkRemoval,AAA Rousse,Boca Raton,info@aaarousse.com,https://www.aaarousse.com/Contact_Us.html,561-486-9653,Email decoded from Cloudflare data-cfemail hex; junk hauling and cleanouts since 2006
New: Moving/Closets/etc / JunkRemoval,All Out Junk Removal,West Palm Beach,info@alloutjunkfl.com,https://alloutjunkfl.com/,,Palm Beach County junk removal
New: Moving/Closets/etc / JunkRemoval,Junk Force,West Palm Beach,junkforcewpb@gmail.com,https://junkforcesouthfl.com/,,Same-day crews dispatched across every PBC city
New: Moving/Closets/etc / JunkRemoval,Junk Shot,West Palm Beach,dispatch@acceleratedwaste.com,https://www.junkshotapp.com/west-palm-beach/,,Junk removal app/service West Palm Beach
New: Moving/Closets/etc / JunkRemoval,JunkHustle,Wellington,junkhustlefl@gmail.com,https://junkhustlefl.com/wellington,561-830-8800,Serves Wellington Jupiter Lake Worth Beach and PBC
New: Moving/Closets/etc / JunkRemoval,On-Call Hauler,West Palm Beach,info@oncallhauler.com,https://oncallhauler.com/contact-us/,,"Serves all of PBC incl. WPB, Wellington, Royal Palm Beach, PBG, Jupiter, Boca, Delray, Boynton, Lake Worth; also does light demolition"
New: Moving/Closets/etc / JunkRemoval,XS Trash,Boynton Beach,xstrashflorida@gmail.com,https://xstrashflorida.com/contact-us.html,,Junk removal debris removal trash hauling
New: Moving/Closets/etc / Moving,ABA Moving Florida,Boca Raton,abamover@gmail.com,https://abamovingflorida.com/boca-raton-movers,(305) 919-0333,American Boca Raton movers
New: Moving/Closets/etc / Moving,America's Family Moving & Storage,Boca Raton,info@americasfms.com,https://americasfamilymovingandstorage.com/,561-955-0999,Also serves Orlando; local Boca office
New: Moving/Closets/etc / Moving,American Van Lines,Wellington,customer.service@americanvanlines.com,https://www.americanvanlines.com/contact-us/,,"Email decoded from Cloudflare data-cfemail hex; long-distance mover since 1967, serves countywide"
New: Moving/Closets/etc / Moving,Bald Eagle Moving,Jupiter,info@baldeaglemoving.com,https://www.baldeaglemoving.com/,,Serves Jupiter West Palm Beach Boca Raton PBG
New: Moving/Closets/etc / Moving,Boca Moving Company,Boca Raton,info@bocamovingcompany.com,https://bocamovingcompany.com/contact/,(561) 609-6160,Local Boca-based mover
New: Moving/Closets/etc / Moving,Coastal Moving Services,Boca Raton,info@coastalmovingservices.com,https://coastalmovingservices.com/,(888) 316-8329,Local mover; email confirmed via raw HTML (not Cloudflare-obfuscated despite AI-tool rendering artifact)
New: Moving/Closets/etc / Moving,Good Greek Moving & Storage,West Palm Beach,info@goodgreek.com,https://greekmoving.com/contact-us/,(561) 683-1313,"2024 Mover of the Year (FL); covers Boca, Delray, Boynton, Jupiter, PBG, Wellington, Royal Palm Beach, Lake Worth countywide"
New: Moving/Closets/etc / Moving,MoveSafe Relocation,Lantana,info@movesaferelocation.com,https://movesaferelocation.com/local-movers/,,"Serves PBG, Lantana, Delray, Greenacres, Wellington, Palm Springs"
New: Moving/Closets/etc / Moving,Moving Squad,Royal Palm Beach,info@movingsquad.com,https://movingsquad.com/contact-us/,(888) 597-7823,"Serves Greenacres, Lake Worth, Lantana, Royal Palm Beach"
New: Moving/Closets/etc / Moving,Safebound Moving & Storage,West Palm Beach,info@safebound.com,https://safeboundmoving.com/service-areas/palm-beach-county-movers/west-palm-beach-moving-company/,,Serves Downtown WPB / CityPlace / PBG
New: Moving/Closets/etc / Moving,Smooth Movers Inc,Wellington,info@smoothmoversinc.com,https://www.smoothmoversinc.com/,,"Since 1989; serves Wellington, Palm Beach, Jupiter, Boynton, Delray, Boca"
New: Moving/Closets/etc / Moving,Solomon & Sons Relocation Services,Palm Beach Gardens,COI@ssrelocation.com,https://www.ssrelocation.com/west-palm-beach-movers/palm-beach-gardens/,,Since 2014; residential and commercial
New: Moving/Closets/etc / Moving,TWO MEN AND A TRUCK (South Palm Beach County),Delray Beach,info0532@twomen.com,https://twomenandatruck.com/movers/fl/south-palm-beach-county,,Franchise-specific email found on location page
New: Moving/Closets/etc / Moving,TWO MEN AND A TRUCK (West Palm Beach),West Palm Beach,info0680@twomen.com,https://twomenandatruck.com/movers/fl/west-palm-beach,,Franchise-specific email found on location page
New: Moving/Closets/etc / Moving,Your Hometown Mover,Delray Beach,info@yourhometownmover.com,https://yourhometownmover.com/locations/florida-moving-company/south-florida-moving-company/delray-beach/,,A+ BBB rated full-service mover
New: Moving/Closets/etc / WindowTreatments,Beautiful Windows Blinds,Boca Raton,info@beautifulwindowsblinds.com,https://www.beautifulwindowsblinds.com/window-blinds-shades-shutters-boca-raton-fl/,,Blinds shades and shutters
New: Moving/Closets/etc / WindowTreatments,Blind Excellence,Boca Raton,keith@blindexcellence.com,https://www.blindexcellence.com/,,Hunter Douglas dealer
New: Moving/Closets/etc / WindowTreatments,Boca Blinds,Boca Raton,info@bocablinds.com,https://bocablinds.com/contact-us/,561-368-5322,"Serving South Florida since 1976; Boca, Parkland, Deerfield, Delray, Boynton"
New: Moving/Closets/etc / WindowTreatments,Budget Blinds of Boynton Beach,Boynton Beach,bjacobson@budgetblinds.com,https://www.budgetblinds.com/boyntonbeach/,,Franchise location email
New: Moving/Closets/etc / WindowTreatments,Capitol Carpet & Tile and Window Fashions,West Palm Beach,info@capitolcarpetandtile.com,https://www.capitolcarpetandtile.com/window-treatments,,"Covers Boca, Boynton, Delray, Wellington, Palm Beach Gardens; also windoworders@capitolcarpetandtile.com for order-specific inquiries"
New: Moving/Closets/etc / WindowTreatments,Design Your Blind,Boca Raton,contact@designyourblind.com,https://www.designyourblind.com/,(561) 609-0679,Motorized window treatments; free in-home consult
New: Moving/Closets/etc / WindowTreatments,Enhancement Window Design,Boynton Beach,adam.enhancementwindow@outlook.com,https://www.enhancementwindowdesign.com/areas-we-serve/delray-beach-fl,,"Hunter Douglas dealer; serves Boynton, Delray, Boca, Lake Worth Beach, Palm Beach, Wellington"
New: Moving/Closets/etc / WindowTreatments,Gator Blinds,Greenacres,info@gatorblinds.com,https://www.gatorblindsflorida.com/zipcode/greenacres-palm-beach-county/,,Serves Greenacres Boynton Delray West Palm Beach and more
New: Moving/Closets/etc / WindowTreatments,Lori Jill Designs,Boca Raton,lorijilldesigns@yahoo.com,https://www.lorijilldesigns.com/,,Hunter Douglas blinds shades shutters drapery
New: Moving/Closets/etc / WindowTreatments,Shades Within Reach,Jupiter,Info@shadeswithinreach.com,https://shadeswithinreach.com/jupiter/,,Jupiter-focused window treatment company
New: Moving/Closets/etc / WindowTreatments,Supershade South,Boca Raton,info@supershadesouth.com,https://www.supershadesouth.com/about/boca-raton-fl,,Paint and window treatments; South Florida showroom in Ft Lauderdale
New: Moving/Closets/etc / WindowTreatments,Supreme Window Coverings Inc,Delray Beach,supreme01@att.net,https://www.supremewindowcoverings.com/,,Hunter Douglas dealer
New: Moving/Closets/etc / WindowTreatments,The Shade Factory,Delray Beach,theshadefactory@gmail.com,https://theshadefactory.com/,,"Serves Delray, Boynton, WPB, Palm Beach Gardens and surrounding PBC"
New: SeniorLiving/Pest/Solar / PestControl,AL Flex Exterminators,Royal Palm Beach,info@al-flex.com,https://www.alflexexterminators.com/,(561) 337-1411,"Serving Palm Beach County since 1977; termite tenting, general pest"
New: SeniorLiving/Pest/Solar / PestControl,Dave's Pest Control,Boynton Beach,info@davespestcontrol.com,https://www.davespestcontrol.com/,,45 years local pest control
New: SeniorLiving/Pest/Solar / PestControl,Florida Environmental,Boca Raton,info@florida-environmental.com,https://florida-environmental.com/service-area/boca-raton-pest-control/,,Email decoded from Cloudflare-obfuscated data-cfemail attribute
New: SeniorLiving/Pest/Solar / PestControl,Home Paramount Pest Control,Boca Raton,jreed@homeparamount.com,https://homeparamount.com/,,"Family-owned since 1939; serves Boca Raton, Delray, Boynton, Palm Beach Gardens"
New: SeniorLiving/Pest/Solar / PestControl,Ideal Environmental Solutions LLC,Royal Palm Beach,office@ideales.org,https://www.idealenvironmentalsolutions.com/,(561) 247-8365,"Located at 12325 82nd St N, Royal Palm Beach"
New: SeniorLiving/Pest/Solar / PestControl,Native Pest Management,West Palm Beach,help@nativepest.com,https://www.nativepestmanagement.com/palm-beach-county-fl-pest-control/,(561) 594-1916,"Family-owned; serves Palm Beach Gardens, Royal Palm Beach, Greenacres and county-wide"
New: SeniorLiving/Pest/Solar / PestControl,Orkin (Boca Raton Branch 268),Boca Raton,Branch268@orkin.com,https://www.orkin.com/locations/florida-fl/boca-raton-pest-control,,Branch-specific email printed on local branch page
New: SeniorLiving/Pest/Solar / PestControl,Proforce Pest Control,Boynton Beach,customercare@proforcepest.com,https://proforcepest.com/,,"Serves Boynton Beach, West Palm Beach, Jupiter"
New: SeniorLiving/Pest/Solar / PestControl,Protective Pest Control,Palm Beach Gardens,info@protectivepestcontrol.com,https://protectivepestcontrol.com/,,"Serves Palm Beach Gardens, Royal Palm Beach, Greenacres"
New: SeniorLiving/Pest/Solar / PestControl,Safe Home Pest Control,West Palm Beach,info@safehomezone.com,https://safehomezone.com/,,Family-owned & operated 40+ years
New: SeniorLiving/Pest/Solar / PestControl,Turner Pest Control,Boca Raton,customerservice@turnerpest.com,https://www.turnerpest.com/contact-us/,,"Termite, mosquito & general pest control"
New: SeniorLiving/Pest/Solar / SeniorLiving,Assisted Living Boca Raton,Boca Raton,Support@assistedlivingbocaraton.com,https://assistedlivingbocaraton.com/,,Independent boutique ALF; support email printed on homepage
New: SeniorLiving/Pest/Solar / SeniorLiving,Cura Living at Boca Raton,Boca Raton,rmoreira@curaliving.com,https://www.curaliving.com/senior-living/fl/boca-raton/cura-living-at-boca-raton/,561-571-0300,Executive Director email printed on community page
New: SeniorLiving/Pest/Solar / SeniorLiving,Discovery Village Boynton Beach,Boynton Beach,info@discoverymgt.com,https://discoveryvillageboyntonbeach.seniorlivingnearme.com/contact-us,561-287-6743,Discovery Senior Living community; independent/assisted living + memory care; email is corporate management co. address found on contact page
New: SeniorLiving/Pest/Solar / SeniorMoveManager,A Smart Move Group,Boca Raton,medina.barbann@gmail.com,https://www.nasmm.org/find-a-move-manager/list/?state=FL&country=US,,"Email printed on NASMM member directory listing; serves Palm Beach, Broward & Dade Counties"
New: SeniorLiving/Pest/Solar / SeniorMoveManager,"A Time To Move, LLC",Boca Raton,office@atimetomove.com,https://www.atimetomove.com,,"NASMM member; serves Palm Beach, Broward, Martin & St. Lucie counties"
New: SeniorLiving/Pest/Solar / SeniorMoveManager,Almost A Daughter,Boca Raton,dawn@almostadaughterfl.com,https://www.AlmostADaughterFL.com,(561) 789-4844,Serves South Florida
New: SeniorLiving/Pest/Solar / SeniorMoveManager,"Bright Beginnings Professional Services, Inc",Boca Raton,maria.brightbeginnings@gmail.com,https://www.nasmm.org/find-a-move-manager/list/?state=FL&country=US,,Email printed on NASMM member directory listing; serves Palm Beach & South Florida
New: SeniorLiving/Pest/Solar / SeniorMoveManager,Caring Transitions of Palm Beach,West Palm Beach,trapp@caringtransitions.com,https://www.nasmm.org/find-a-move-manager/list/?state=FL&country=US,,Email printed on NASMM member directory listing
New: SeniorLiving/Pest/Solar / SeniorMoveManager,NXTMove Moving & Storage,West Palm Beach,info@nxtmovefl.com,https://nxtmovefl.com/services/senior-relocation-services/,(561) 850-0496,"Senior relocation services across Boca Raton, Delray Beach, West Palm Beach, Jupiter, Palm Beach Gardens"
New: SeniorLiving/Pest/Solar / SeniorMoveManager,Next Step Senior Solutions,Delray Beach,nextstepseniorsolutions@gmail.com,https://www.nasmm.org/find-a-move-manager/list/?state=FL&country=US,,Email printed on NASMM member directory listing; serves Palm Beach County
New: SeniorLiving/Pest/Solar / SeniorMoveManager,Palm Beach Organized,Palm Beach Gardens,hello@palmbeachorganized.com,https://palmbeachorganized.com/service/concierge-moving/,,"Concierge moving/downsizing; serves Palm Beach Gardens, Jupiter, Wellington, North Palm Beach, Singer Island"
New: SeniorLiving/Pest/Solar / SeniorMoveManager,STG Concierge Moving & Organizing,Boca Raton,sandy@stgconcierge.com,https://www.nasmm.org/find-a-move-manager/list/?state=FL&country=US,,Email printed on NASMM member directory listing
New: SeniorLiving/Pest/Solar / SeniorMoveManager,Senior Transition Solutions,Palm Beach Gardens,info@stsnostress.com,http://www.stsNoStress.com,,"Serves Palm Beach, Martin, St. Lucie & Broward Counties"
New: SeniorLiving/Pest/Solar / SeniorMoveManager,Silver Solutions,West Palm Beach,info@silversolutions.com,https://silversolutions.com/,,"Senior move management, East Coast FL"
New: SeniorLiving/Pest/Solar / Solar,"Big Orange Solar, LLC",West Palm Beach,info@bigorangesolar.com,https://www.bigorangesolar.com/,,South Florida solar contractor based in West Palm Beach
New: SeniorLiving/Pest/Solar / Solar,Go Solar Power,West Palm Beach,info@gosolarpower.com,https://www.gosolarpower.com/locations/west-palm-beach-fl/,,"Penetration-free install method; also serves Boca Raton, Boynton Beach, Delray Beach, Greenacres"
New: SeniorLiving/Pest/Solar / Solar,Green Energy Solar,West Palm Beach,office@greenenergysolar.net,https://www.greenenergysolar.net/west-palm-beach,(561) 461-0503,"1,000+ completed systems across Palm Beach County"
New: SeniorLiving/Pest/Solar / Solar,Palm Beach Solar LLC,Jupiter,palmbeachsolarllc@gmail.com,https://palmbeachsolarllc.com/,,"Independent solar advisor serving Jupiter, Palm Beach Gardens, Wellington"
New: SeniorLiving/Pest/Solar / Solar,Sailfish Solar,West Palm Beach,sales@sailfishsolar.com,https://sailfishsolar.com/palm-beach,,Solar developer serving Palm Beach County
New: SeniorLiving/Pest/Solar / Solar,Solar Prime USA,Delray Beach,info@solarprimeusa.com,https://solarprimeusa.com/solar-installation-services-in-delray-beach-fl/,,Also serves Wellington and statewide FL
New: SeniorLiving/Pest/Solar / Solar,SunVena Solar,Boca Raton,support@sunvena.com,https://sunvena.com/,,"In-house install team, no subcontracting, serves Boca Raton & West Palm Beach"
New: SeniorLiving/Pest/Solar / Solar,Sunburst Solar,West Palm Beach,customersupport@sunburstsolar.com,https://www.sunburstsolar.com/florida/west-palm-beach/,,"Also serves Boca Raton, Delray Beach"
New: SeniorLiving/Pest/Solar / Solar,Tri Energy Savings,West Palm Beach,info@trienergysavings.com,https://www.trienergysavings.com/solar-power,(561) 401-8079,"Serves West Palm Beach, Jupiter, Boca Raton, Palm Beach County"
New: SeniorLiving/Pest/Solar / Solar,Vinyasun,West Palm Beach,info@vinyasun.com,https://vinyasun.com/,,"Also serves Boca Raton, Jupiter, Wellington, Palm Beach Gardens"
